ID,DateTime,Burger,Species
dgakr41DFv,05/04/2019 13:18,Krusty Deluxe,salmon
80mqa9NL7X,05/04/2019 13:19,Krusty Deluxe,salmon
y2zWrDvwCW,05/04/2019 13:21,Krabby Pattie,seahorse
MGaWyxtSlE,05/04/2019 13:23,Krusty Deluxe,sea lion
W6QlKCR7xs,05/04/2019 13:25,Krusty Deluxe,seahorse
c3Mfzdj2ZY,05/04/2019 13:27,Krusty Combo,sea lion
Q0ckgeaMH8,05/04/2019 13:28,Krabby Pattie,leatherback turtle
KH98foqt15,05/04/2019 13:30,Krabby Pattie,giant clam
yjM9VS0YEd,05/04/2019 13:31,Krabby Pattie,salmon
MNXtrl2hRt,05/04/2019 13:32,Krusty Combo,salmon
Bw6sdvJvwF,05/04/2019 13:34,Krabby Pattie,sea lion
AC7nUInZar,05/04/2019 13:38,Krabby Pattie,giant clam
vUBQPrnBYT,05/04/2019 13:40,Krabby Pattie,seahorse
gaCNezyoVE,05/04/2019 13:42,Krusty Combo,seahorse
hM2XPjoH66,05/04/2019 13:43,Krabby Pattie,sea lion
FziS9MOSlO,05/04/2019 13:44,Krabby Pattie,salmon
yYSJLpw1bf,05/04/2019 13:47,Krusty Deluxe,giant clam
K7Lu1XbBW9,05/04/2019 13:48,Krabby Pattie,sea lion
hOvdzZfI5f,05/04/2019 13:50,Krusty Combo,leatherback turtle
1SFF1gkTik,05/04/2019 13:52,Krusty Deluxe,gray whale
udK4h8pBzD,05/04/2019 13:53,Krabby Pattie,giant clam
5eulsmyUtn,05/04/2019 13:56,Krusty Combo,seahorse
tA09DekAJa,05/04/2019 13:58,Krabby Pattie,sea lion
UldjA0iA8I,05/04/2019 14:01,Krabby Pattie,salmon
HttkvfnsBu,05/04/2019 14:02,Krusty Deluxe,leatherback turtle
9fXImLjZoZ,05/04/2019 14:04,Krabby Pattie,sea lion
ZSEU0POIlg,05/04/2019 14:05,Krabby Pattie,giant clam
W3PbDRih2s,05/04/2019 14:07,Krusty Combo,leatherback turtle
LZtV9tLQse,05/04/2019 14:09,Krabby Pattie,salmon
FI3gQJvjgQ,05/04/2019 14:11,Krusty Deluxe,salmon
A0jGhtOSJ3,05/04/2019 14:12,Krabby Pattie,gray whale
4p3YcH5gu2,05/04/2019 14:14,Krusty Combo,salmon
JU9V2jb0ry,05/04/2019 14:16,Krusty Deluxe,salmon
od29b8ES36,05/04/2019 14:19,Krusty Combo,leatherback turtle
SHjfueXin1,05/04/2019 14:21,Krabby Pattie,salmon
UNroINyPkG,05/04/2019 14:24,Krabby Pattie,seahorse
7S333r5aTk,05/04/2019 14:26,Krabby Pattie,sea lion
CaMPJlXAj3,05/04/2019 14:28,Krabby Pattie,giant clam
qELXCZEtcg,05/04/2019 14:29,Krabby Pattie,seahorse
C41MsMV4fP,05/04/2019 14:31,Krusty Deluxe,giant clam
n5VR6ejtEg,05/04/2019 14:33,Krusty Deluxe,seahorse
n2Hob7bODg,05/04/2019 14:35,Krabby Pattie,sea lion
yOTt2G7v5B,05/04/2019 14:36,Krusty Deluxe,salmon
53sjHkj9lh,05/04/2019 14:38,Krabby Pattie,salmon
AKQldTRbxn,05/04/2019 14:40,Krabby Pattie,salmon
RNv89JwOGG,05/04/2019 14:41,Krabby Pattie,giant clam
9P1Wm4ukUV,05/04/2019 14:43,Krabby Pattie,leatherback turtle
c7ymxqJCkQ,05/04/2019 14:45,Krabby Pattie,sea lion
daj3xcZxSD,05/04/2019 14:47,Krabby Pattie,giant clam
CyFepJMsl9,05/04/2019 14:48,Krusty Combo,giant clam
VOVtwxC4Iz,05/04/2019 14:51,Krabby Pattie,seahorse
Ged4MmCEKa,05/04/2019 14:53,Krabby Pattie,salmon
Umh6bXR18Y,05/04/2019 14:56,Krabby Pattie,salmon
I8LIivX5LO,05/04/2019 14:57,Krabby Pattie,salmon
fi3IZVoTti,05/04/2019 14:59,Krusty Combo,salmon
biXM1DEFvU,05/04/2019 15:02,Krusty Deluxe,sea lion
QkHIvdakfZ,05/04/2019 15:03,Krabby Pattie,giant clam
PHRYv2UXBO,05/04/2019 15:05,Krabby Pattie,seahorse
aqN3hYaIOY,05/04/2019 15:06,Krusty Deluxe,giant clam
szJApJ0f4F,05/04/2019 15:07,Krabby Pattie,giant clam
0q6kttc862,05/04/2019 15:10,Krabby Pattie,giant clam
jyNQ8Z0SrM,05/04/2019 15:11,Krusty Deluxe,sea lion
pcgz1KkXwC,05/04/2019 15:12,Krusty Deluxe,salmon
pjSo8cjhvl,05/04/2019 15:14,Krabby Pattie,salmon
uw4UTJhwNB,05/04/2019 15:16,Krusty Combo,seahorse
NvVKpUUKsP,05/04/2019 15:18,Krusty Deluxe,seahorse
argIOYCuRH,05/04/2019 15:19,Krabby Pattie,sea lion
GLW9NkwC23,05/04/2019 15:21,Krusty Combo,leatherback turtle
qWSX7lRCwF,05/04/2019 15:24,Krabby Pattie,sea lion
9EgfBnRRwC,05/04/2019 15:26,Krabby Pattie,sea lion
wZ88d4NbGt,05/04/2019 15:27,Krusty Deluxe,seahorse
ab2XM4o2VK,05/04/2019 15:28,Krusty Deluxe,leatherback turtle
W0gKvY3znj,05/04/2019 15:30,Krusty Deluxe,gray whale
MaeTmrAsPH,05/04/2019 15:33,Krabby Pattie,seahorse
r5Iab1Ivdx,05/04/2019 15:35,Krabby Pattie,leatherback turtle
PDV1Zx7LVV,05/04/2019 15:36,Krabby Pattie,seahorse
LHTX18BDJy,05/04/2019 15:37,Krabby Pattie,seahorse
8lIt4FOBdW,05/04/2019 15:40,Krabby Pattie,seahorse
iNi0z6MUvc,05/04/2019 15:41,Krusty Deluxe,salmon
5i7KmCoG4u,05/04/2019 15:42,Krabby Pattie,giant clam
4Iyb3yK7th,05/04/2019 15:45,Krabby Pattie,seahorse
EblN6ffsPw,05/04/2019 15:46,Krabby Pattie,seahorse
WwXlGU3OMx,05/04/2019 15:48,Krabby Pattie,giant clam
1CiTan8kV8,05/04/2019 15:49,Krusty Combo,seahorse
WLa86SqjrN,05/04/2019 15:51,Krabby Pattie,sea lion
A1BX2SQdTh,05/04/2019 15:54,Krabby Pattie,sea lion
xINDqELqwe,05/04/2019 15:57,Krusty Combo,seahorse
QYKkwB0mjg,05/04/2019 15:58,Krabby Pattie,sea lion
pM2g3UlD72,05/04/2019 16:00,Krabby Pattie,salmon
gwXlpCEmpq,05/04/2019 16:01,Krusty Deluxe,gray whale
ahC09NADRF,05/04/2019 16:02,Krabby Pattie,leatherback turtle
wowvhsZpoh,05/04/2019 16:04,Krusty Combo,salmon
ttv1vLtBtp,05/04/2019 16:06,Krusty Deluxe,giant clam
35OmxhmoGq,05/04/2019 16:08,Krusty Deluxe,sea lion
FpmYIDbciL,05/04/2019 16:09,Krusty Deluxe,sea lion
uFYDDiR7Sl,05/04/2019 16:11,Krabby Pattie,coral
xdl1dvjrfS,05/04/2019 16:12,Krabby Pattie,gray whale
5HaM0xGe7h,05/04/2019 16:13,Krabby Pattie,leatherback turtle
1vRAShL463,05/04/2019 16:15,Krabby Pattie,leatherback turtle
FruBf2ISH0,05/04/2019 16:16,Krusty Combo,seahorse
hr9RN197Qt,05/04/2019 16:18,Krusty Combo,salmon
wfGwQtiPOU,05/04/2019 16:20,Krabby Pattie,gray whale
8u287tjSBA,05/04/2019 16:22,Krabby Pattie,seahorse
Wwfj5o10HC,05/04/2019 16:25,Krabby Pattie,seahorse
lApp72XcbZ,05/04/2019 16:27,Krusty Combo,sea lion
7HRtsvJVm7,05/04/2019 16:28,Krabby Pattie,seahorse
bJ82Fxr2Pv,05/04/2019 16:31,Krabby Pattie,salmon
fhq769oEzi,05/04/2019 16:32,Krabby Pattie,leatherback turtle
JOKCfWbDSC,05/04/2019 16:34,Krabby Pattie,giant clam
7qYVDtCIqq,05/04/2019 16:36,Krabby Pattie,giant clam
ltWXU530C9,05/04/2019 16:38,Krusty Deluxe,salmon
O6s3yRS6JS,05/04/2019 16:39,Krabby Pattie,leatherback turtle
GzVZxt9S7Z,05/04/2019 16:42,Krabby Pattie,coral
Nk4VCgvLGh,05/04/2019 16:43,Krabby Pattie,sea lion
IaYt7K4L2C,05/04/2019 16:45,Krusty Deluxe,giant clam
vdLL83l95s,05/04/2019 16:47,Krabby Pattie,giant clam
ThOmWx4lIr,05/04/2019 16:49,Krusty Combo,sea lion
sZLLNHT6Xd,05/04/2019 16:51,Krusty Combo,giant clam
A9YqzHXEys,05/04/2019 16:53,Krabby Pattie,leatherback turtle
m4a9OzRnaU,05/04/2019 16:54,Krusty Deluxe,salmon
tqRyxGtAD6,05/04/2019 16:56,Krabby Pattie,gray whale
lCGzTxIFud,05/04/2019 16:57,Krusty Deluxe,giant clam
rGBPE2kgWs,05/04/2019 16:58,Krusty Deluxe,sea lion
AV2KFB03is,05/04/2019 16:59,Krusty Deluxe,seahorse
ZEKgIMXhfy,05/04/2019 17:01,Krabby Pattie,giant clam
G4tO9nOZFk,05/04/2019 17:02,Krabby Pattie,seahorse
U6yJiQfMPn,05/04/2019 17:05,Krusty Deluxe,sea lion
Hq2stMtxZk,05/04/2019 17:06,Krusty Deluxe,gray whale
YNUbNwklH2,05/04/2019 17:08,Krabby Pattie,giant clam
y435JNc6Ca,05/04/2019 17:09,Krabby Pattie,salmon
hMHC4Fsj3s,05/04/2019 17:10,Krusty Deluxe,giant clam
s7DQdonl1h,05/04/2019 17:11,Krabby Pattie,gray whale
F12hYbT660,05/04/2019 17:13,Krabby Pattie,salmon
fgY23n8apg,05/04/2019 17:15,Krusty Combo,seahorse
xPUhzp27Gq,05/04/2019 17:16,Krabby Pattie,giant clam
1Wa7FNVCZA,05/04/2019 17:18,Krabby Pattie,seahorse
rniu6T49da,05/04/2019 17:19,Krabby Pattie,leatherback turtle
hoConxoLXq,05/04/2019 17:20,Krusty Combo,seahorse
GoDjUv2Bw9,05/04/2019 17:22,Krusty Combo,seahorse
4QV49IDjSW,05/04/2019 17:23,Krabby Pattie,giant clam
PMXuEthc3d,05/04/2019 17:25,Krusty Deluxe,sea lion
s6eTDp5uDb,05/04/2019 17:27,Krabby Pattie,giant clam
nP6DejeA53,05/04/2019 17:29,Krabby Pattie,leatherback turtle
6rigK5SVRv,05/04/2019 17:30,Krusty Combo,seahorse
HxnoEBdpXC,05/04/2019 17:31,Krusty Deluxe,salmon
HgOyrE68C5,05/04/2019 17:32,Krusty Combo,giant clam
kKyLhqbWng,05/04/2019 17:34,Krabby Pattie,seahorse
uLqCQS09m6,05/04/2019 17:36,Krusty Deluxe,sea lion
4pwpZjGYFA,05/04/2019 17:38,Krusty Deluxe,sea lion
SDH5JbYDJd,05/04/2019 17:40,Krabby Pattie,salmon
LKj761rVmE,05/04/2019 17:42,Krabby Pattie,giant clam
o3VOR5j3P2,05/04/2019 17:44,Krabby Pattie,giant clam
mSMvEyRHiy,05/04/2019 17:46,Krabby Pattie,gray whale
FOiWYQk3lF,05/04/2019 17:48,Krusty Deluxe,sea lion
APmAaCSxj9,05/04/2019 17:50,Krabby Pattie,seahorse
eI1BlEfXXI,05/04/2019 17:51,Krabby Pattie,seahorse
slaAs60gN6,05/04/2019 17:54,Krabby Pattie,coral
MZ5Z9leZSU,05/04/2019 17:56,Krabby Pattie,sea lion
vvEfno6daG,05/04/2019 17:57,Krabby Pattie,sea lion
qjPCgirawN,05/04/2019 17:59,Krabby Pattie,seahorse
16ppLXlhxp,06/04/2019 8:00,Krabby Pattie,sea lion
NNQYnMlYeR,06/04/2019 8:01,Krabby Pattie,leatherback turtle
T4GLbykDxK,06/04/2019 8:03,Krusty Deluxe,salmon
DEVHDKEris,06/04/2019 8:05,Krabby Pattie,seahorse
kjEr65cw7Y,06/04/2019 8:09,Krabby Pattie,sea lion
BzhNfnqCro,06/04/2019 8:11,Krabby Pattie,sea lion
wD7RBD6Yit,06/04/2019 8:12,Krusty Deluxe,leatherback turtle
YZ8TyTEpaJ,06/04/2019 8:14,Krabby Pattie,salmon
GsaSQg259k,06/04/2019 8:15,Krabby Pattie,salmon
JBsqpwCOAZ,06/04/2019 8:16,Krabby Pattie,salmon
L5TRCWDBbZ,06/04/2019 8:19,Krabby Pattie,gray whale
zAjVM2Fu7d,06/04/2019 8:21,Krabby Pattie,giant clam
Ne2Mp44EfQ,06/04/2019 8:22,Krusty Combo,salmon
05H1JxqiDN,06/04/2019 8:24,Krusty Combo,seahorse
Uu1NqUnHLG,06/04/2019 8:27,Krabby Pattie,giant clam
BxfnikIQF7,06/04/2019 8:28,Krabby Pattie,coral
x72NX2QZ6m,06/04/2019 8:30,Krabby Pattie,seahorse
lkcOAE06Zh,06/04/2019 8:32,Krabby Pattie,seahorse
DvikWgXvqF,06/04/2019 8:34,Krabby Pattie,seahorse
fYQRShszBI,06/04/2019 8:36,Krabby Pattie,seahorse
R3gyQhP0yq,06/04/2019 8:37,Krusty Deluxe,leatherback turtle
smVl0kklHx,06/04/2019 8:39,Krabby Pattie,gray whale
kgt3MZNv5y,06/04/2019 8:42,Krusty Deluxe,salmon
i3YCCheFy8,06/04/2019 8:45,Krusty Deluxe,salmon
bVjJeoUS8B,06/04/2019 8:48,Krabby Pattie,giant clam
OL85ls17wJ,06/04/2019 8:51,Krabby Pattie,leatherback turtle
t7Vx8Echpt,06/04/2019 8:52,Krabby Pattie,sea lion
xuZguL1MGF,06/04/2019 8:55,Krusty Combo,gray whale
mMuwMIZjRQ,06/04/2019 8:56,Krusty Deluxe,seahorse
DEYafeW26o,06/04/2019 8:58,Krabby Pattie,salmon
85CwR7qVPH,06/04/2019 9:00,Krusty Deluxe,seahorse
utbIPzgXw4,06/04/2019 9:02,Krusty Deluxe,giant clam
jqRq8hMULX,06/04/2019 9:03,Krabby Pattie,gray whale
kMbuTgkmOx,06/04/2019 9:05,Krabby Pattie,gray whale
qEQ9ChiDU5,06/04/2019 9:06,Krabby Pattie,giant clam
PFhKr2ChFi,06/04/2019 9:08,Krabby Pattie,sea lion
f9OidHQk9T,06/04/2019 9:10,Krusty Deluxe,seahorse
FWlVDjQfLg,06/04/2019 9:11,Krabby Pattie,salmon
WwwIFhWEIF,06/04/2019 9:13,Krabby Pattie,leatherback turtle
2yWvp7h4kM,06/04/2019 9:14,Krusty Deluxe,leatherback turtle
MG9Vz114gO,06/04/2019 9:16,Krusty Combo,leatherback turtle
3FXIrGPNid,06/04/2019 9:18,Krusty Deluxe,leatherback turtle
RkmHLbqoL9,06/04/2019 9:20,Krabby Pattie,giant clam
PD45m9KT88,06/04/2019 9:24,Krabby Pattie,seahorse
BMF4VLTvZK,06/04/2019 9:25,Krabby Pattie,leatherback turtle
3YcFvI1NkS,06/04/2019 9:26,Krusty Deluxe,gray whale
81Y5hfUMJO,06/04/2019 9:29,Krusty Deluxe,giant clam
7rSIRG66Vc,06/04/2019 9:31,Krusty Combo,seahorse
wuOzVFjpIs,06/04/2019 9:32,Krabby Pattie,giant clam
pZzpKxn3yL,06/04/2019 9:34,Krabby Pattie,coral
blNTISTQI3,06/04/2019 9:35,Krabby Pattie,giant clam
jP82suffgc,06/04/2019 9:36,Krabby Pattie,seahorse
cjR9lPKgbO,06/04/2019 9:37,Krusty Combo,sea lion
2zkTMK6k6e,06/04/2019 9:39,Krabby Pattie,gray whale
nWQh5Z6HDt,06/04/2019 9:40,Krabby Pattie,sea lion
1zETkXc79Z,06/04/2019 9:42,Krusty Combo,seahorse
NP7nQyi6xO,06/04/2019 9:45,Krusty Combo,salmon
XeUpCHbKHo,06/04/2019 9:47,Krabby Pattie,giant clam
QkNg8Cly29,06/04/2019 9:49,Krabby Pattie,gray whale
vtWVj7cqXN,06/04/2019 9:50,Krabby Pattie,giant clam
JO8bNtfVRy,06/04/2019 9:52,Krabby Pattie,gray whale
5CIMhzT6Ce,06/04/2019 9:54,Krusty Deluxe,leatherback turtle
zQWTyhCNv8,06/04/2019 9:56,Krabby Pattie,giant clam
iCEUWLG4DO,06/04/2019 9:59,Krabby Pattie,sea lion
892mEPC3cm,06/04/2019 10:00,Krabby Pattie,giant clam
VPbvqURkpr,06/04/2019 10:02,Krabby Pattie,sea lion
mf5esShnOV,06/04/2019 10:05,Krusty Deluxe,salmon
kW9489TjjD,06/04/2019 10:06,Krusty Deluxe,gray whale
BpUeGneo4X,06/04/2019 10:08,Krabby Pattie,giant clam
LCEDhwWTJF,06/04/2019 10:09,Krabby Pattie,sea lion
8tJ4ia73HR,06/04/2019 10:11,Krabby Pattie,sea lion
fUadH5sJrX,06/04/2019 10:13,Krusty Combo,sea lion
deugeZxniP,06/04/2019 10:14,Krabby Pattie,gray whale
L04yT5uDlu,06/04/2019 10:15,Krusty Combo,sea lion
RDJG94X7o5,06/04/2019 10:18,Krabby Pattie,seahorse
6P49c5sMtq,06/04/2019 10:19,Krabby Pattie,leatherback turtle
pLpEavuID5,06/04/2019 10:20,Krabby Pattie,giant clam
YNMXKcwIyi,06/04/2019 10:22,Krusty Deluxe,giant clam
biiyA4TxZ6,06/04/2019 10:24,Krabby Pattie,sea lion
ZW6iiiKQ7M,06/04/2019 10:26,Krabby Pattie,sea lion
Gx9SDf7soX,06/04/2019 10:27,Krusty Deluxe,seahorse
p5QDjGSHAo,06/04/2019 10:28,Krusty Combo,seahorse
ApJ5c4mGLF,06/04/2019 10:30,Krabby Pattie,sea lion
Ir5AYCiUfm,06/04/2019 10:32,Krusty Deluxe,seahorse
astUByXiUU,06/04/2019 10:35,Krabby Pattie,seahorse
9yZinJ9ky8,06/04/2019 10:36,Krabby Pattie,sea lion
ocsSMG86SK,06/04/2019 10:38,Krabby Pattie,seahorse
pWo7TCcIyb,06/04/2019 10:40,Krabby Pattie,giant clam
ZJAWXJitoU,06/04/2019 10:42,Krabby Pattie,salmon
pgC6GYF698,06/04/2019 10:45,Krabby Pattie,giant clam
xpy54vFV83,06/04/2019 10:47,Krusty Combo,salmon
JKRvwyK3tA,06/04/2019 10:48,Krabby Pattie,seahorse
q0FWHO1Flp,06/04/2019 10:51,Krusty Combo,leatherback turtle
xNAkWXPdmL,06/04/2019 10:53,Krabby Pattie,giant clam
bypkz279eV,06/04/2019 10:54,Krabby Pattie,salmon
5K3zoIKYmM,06/04/2019 10:55,Krusty Deluxe,gray whale
MnQxzXCqVv,06/04/2019 10:57,Krabby Pattie,salmon
JWMaphuWSZ,06/04/2019 10:58,Krabby Pattie,giant clam
0degfO41GI,06/04/2019 11:00,Krabby Pattie,gray whale
ILjqz2PG6J,06/04/2019 11:02,Krabby Pattie,giant clam
HFxixsNuKx,06/04/2019 11:03,Krabby Pattie,gray whale
PBWYrIekcz,06/04/2019 11:05,Krabby Pattie,salmon
do0r9jBdyX,06/04/2019 11:07,Krabby Pattie,leatherback turtle
H73XsLneen,06/04/2019 11:10,Krusty Deluxe,giant clam
O3Gh1RNWFA,06/04/2019 11:12,Krabby Pattie,seahorse
Pw7kFtUyZ5,06/04/2019 11:13,Krusty Combo,seahorse
btRv8h2Lkm,06/04/2019 11:14,Krabby Pattie,sea lion
s4XENh5oEm,06/04/2019 11:16,Krabby Pattie,salmon
qmlI1Ec3U7,06/04/2019 11:18,Krabby Pattie,gray whale
Xn92MzdXGf,06/04/2019 11:19,Krusty Deluxe,salmon
u4g7bXZvg3,06/04/2019 11:21,Krabby Pattie,seahorse
GotKxZ92UI,06/04/2019 11:24,Krabby Pattie,sea lion
M3VOMjjykm,06/04/2019 11:25,Krusty Deluxe,gray whale
yGGKbETURA,06/04/2019 11:27,Krusty Deluxe,giant clam
f3EOj2LyrY,06/04/2019 11:28,Krusty Combo,giant clam
bADX8vLzyP,06/04/2019 11:29,Krabby Pattie,seahorse
vLgqb2iBvs,06/04/2019 11:33,Krabby Pattie,leatherback turtle
T3qtKzwr7g,06/04/2019 11:35,Krabby Pattie,gray whale
67gEc5WjFy,06/04/2019 11:38,Krusty Deluxe,giant clam
9BRBCd2xpM,06/04/2019 11:40,Krusty Combo,giant clam
mPDdv4RGjF,06/04/2019 11:42,Krabby Pattie,seahorse
SZP1IRtVzX,06/04/2019 11:43,Krabby Pattie,giant clam
SnEvAwVec5,06/04/2019 11:45,Krabby Pattie,seahorse
2i459lrc8B,06/04/2019 11:47,Krusty Deluxe,giant clam
rdWYvL2q52,06/04/2019 11:49,Krusty Combo,leatherback turtle
x8B7SN4rDC,06/04/2019 11:50,Krabby Pattie,leatherback turtle
cV4fN0dInj,06/04/2019 11:52,Krusty Combo,seahorse
xnY034Pmxx,06/04/2019 11:54,Krabby Pattie,seahorse
xlg6KfHUMG,06/04/2019 11:55,Krusty Deluxe,sea lion
c6M95CweKp,06/04/2019 11:57,Krabby Pattie,giant clam
UGQqbhlxUc,06/04/2019 11:58,Krabby Pattie,gray whale
66d1D2wgQe,06/04/2019 12:00,Krusty Combo,leatherback turtle
h0MGpedsfn,06/04/2019 12:02,Krusty Deluxe,salmon
GxleZokNlH,06/04/2019 12:05,Krabby Pattie,seahorse
TpTUObJVHe,06/04/2019 12:06,Krusty Deluxe,salmon
yFGBuTmi9t,06/04/2019 12:09,Krusty Deluxe,leatherback turtle
qUM4h8zHIx,06/04/2019 12:10,Krabby Pattie,giant clam
H4PASew7ne,06/04/2019 12:13,Krabby Pattie,seahorse
YFFM92Zk1W,06/04/2019 12:14,Krabby Pattie,giant clam
7RcXcnqTSj,06/04/2019 12:15,Krabby Pattie,salmon
iGqQX7yJhx,06/04/2019 12:17,Krusty Combo,salmon
BAmmSwpc9E,06/04/2019 12:18,Krabby Pattie,salmon
YTy9L4WaV1,06/04/2019 12:19,Krabby Pattie,sea lion
bvh6fYY6ia,06/04/2019 12:20,Krusty Deluxe,sea lion
4p22pJyxde,06/04/2019 12:22,Krusty Deluxe,salmon
JQU3J3cfIw,06/04/2019 12:24,Krusty Deluxe,coral
2aD2ogGBw1,06/04/2019 12:26,Krabby Pattie,leatherback turtle
Ct2ULm4JDK,06/04/2019 12:27,Krabby Pattie,sea lion
xiFJKH3Cv5,06/04/2019 12:29,Krabby Pattie,seahorse
XEsY4rPJwb,06/04/2019 12:30,Krabby Pattie,giant clam
qaf83NMFU1,06/04/2019 12:32,Krusty Deluxe,giant clam
vIcvmFpN1h,06/04/2019 12:34,Krusty Deluxe,salmon
J8XlbDjlaQ,06/04/2019 12:36,Krabby Pattie,salmon
EwFe91obhh,06/04/2019 12:37,Krusty Deluxe,leatherback turtle
Mftsx5a74u,06/04/2019 12:39,Krusty Deluxe,giant clam
V2AvGBZ2WX,06/04/2019 12:40,Krusty Combo,sea lion
VVVxoBYlDM,06/04/2019 12:43,Krusty Deluxe,salmon
Yik5orb7vg,06/04/2019 12:46,Krabby Pattie,salmon
T2comTQhq9,06/04/2019 12:47,Krusty Deluxe,gray whale
sFU3jH63Sx,06/04/2019 12:50,Krabby Pattie,giant clam
fTWPgQR5CU,06/04/2019 12:51,Krabby Pattie,giant clam
JL9Ku83yl0,06/04/2019 12:54,Krusty Deluxe,giant clam
OwuJsU0tO8,06/04/2019 12:56,Krabby Pattie,salmon
orhJ5DXk3U,06/04/2019 12:58,Krabby Pattie,seahorse
7by5eHvB89,06/04/2019 13:00,Krabby Pattie,gray whale
wrXjWO6bpc,06/04/2019 13:02,Krusty Combo,gray whale
tcDAi0Yut5,06/04/2019 13:04,Krabby Pattie,salmon
bAnjjZvS5n,06/04/2019 13:06,Krabby Pattie,giant clam
EV9u8lK7B5,06/04/2019 13:07,Krusty Combo,giant clam
LN24apGRsV,06/04/2019 13:09,Krabby Pattie,gray whale
OSbcjUWh0K,06/04/2019 13:11,Krusty Deluxe,seahorse
6iihXYGqCf,06/04/2019 13:12,Krabby Pattie,gray whale
YDMBn3fI3g,06/04/2019 13:15,Krusty Combo,giant clam
TBt919vrJV,06/04/2019 13:16,Krabby Pattie,sea lion
1WT3Pd0rvj,06/04/2019 13:18,Krusty Combo,gray whale
KxR9nyP9mQ,06/04/2019 13:19,Krabby Pattie,giant clam
kAcmamtua1,06/04/2019 13:21,Krabby Pattie,gray whale
Kpk7tSEgpi,06/04/2019 13:23,Krusty Combo,giant clam
Njh9OyoDHt,06/04/2019 13:24,Krabby Pattie,seahorse
3CjErllyh9,06/04/2019 13:26,Krabby Pattie,seahorse
6l4LOafG1i,06/04/2019 13:29,Krabby Pattie,seahorse
WIfvluDCWR,06/04/2019 13:32,Krabby Pattie,sea lion
1PyVS5iXzh,06/04/2019 13:33,Krabby Pattie,giant clam
U5W0Zpb6dw,06/04/2019 13:35,Krusty Deluxe,leatherback turtle
flFIDBgCgc,06/04/2019 13:36,Krabby Pattie,leatherback turtle
pMbnAWOhS3,06/04/2019 13:38,Krabby Pattie,gray whale
vRiJ0iHVpL,06/04/2019 13:39,Krabby Pattie,salmon
p4mYOp8Kxl,06/04/2019 13:41,Krabby Pattie,seahorse
B8MouMRfQj,06/04/2019 13:43,Krabby Pattie,seahorse
HP60ctgEoO,06/04/2019 13:45,Krusty Deluxe,sea lion
FPLVuYjoXk,06/04/2019 13:47,Krusty Combo,salmon
HSUvyLQiGr,06/04/2019 13:49,Krusty Deluxe,gray whale
CFEPq9kavY,06/04/2019 13:51,Krabby Pattie,giant clam
YTGdP0NMKU,06/04/2019 13:52,Krusty Deluxe,gray whale
XnNWeJuoAX,06/04/2019 13:54,Krabby Pattie,gray whale
aQEQRyrCej,06/04/2019 13:55,Krusty Deluxe,gray whale
XXSs5ST1Ia,06/04/2019 13:56,Krusty Deluxe,gray whale
GXvNAUt7IM,06/04/2019 13:59,Krusty Deluxe,gray whale
ShvcUcxicD,06/04/2019 14:00,Krabby Pattie,gray whale
B1LScM64tM,06/04/2019 14:01,Krusty Combo,sea lion
gnGWwkcgb9,06/04/2019 14:04,Krusty Combo,giant clam
gIR30KAeus,06/04/2019 14:06,Krusty Deluxe,giant clam
tKvm7DBPje,06/04/2019 14:07,Krusty Deluxe,seahorse
UAYBB4VcnO,06/04/2019 14:08,Krusty Combo,coral
5MGQzCFy3B,06/04/2019 14:09,Krabby Pattie,gray whale
0lf6G1AkFl,06/04/2019 14:12,Krusty Deluxe,gray whale
z8hm9onvFC,06/04/2019 14:13,Krabby Pattie,sea lion
CUuaIjArMK,06/04/2019 14:15,Krabby Pattie,leatherback turtle
UK8NajHUDG,06/04/2019 14:16,Krusty Deluxe,leatherback turtle
PSWwywmrh3,06/04/2019 14:18,Krabby Pattie,salmon
lXsnRQae59,06/04/2019 14:20,Krabby Pattie,giant clam
l2gCxeeNfj,06/04/2019 14:21,Krabby Pattie,salmon
x1fS89luCK,06/04/2019 14:22,Krabby Pattie,leatherback turtle
5WjQSUFJwx,06/04/2019 14:24,Krabby Pattie,salmon
gZvFuo9RlB,06/04/2019 14:26,Krabby Pattie,salmon
qlf4bI6p1l,06/04/2019 14:28,Krusty Combo,gray whale
GNDWdCPRWR,06/04/2019 14:29,Krabby Pattie,giant clam
dT69vNeSr5,06/04/2019 14:30,Krusty Combo,salmon
GbGJq8LvL0,06/04/2019 14:32,Krabby Pattie,gray whale
kmDpQfmfst,06/04/2019 14:34,Krusty Deluxe,salmon
b0bksg9TiF,06/04/2019 14:36,Krabby Pattie,seahorse
59UdGWJQ3u,06/04/2019 14:38,Krusty Combo,sea lion
HBAoLC27Si,06/04/2019 14:41,Krusty Deluxe,gray whale
bqqqLpccvn,06/04/2019 14:43,Krusty Deluxe,salmon
gzWqLw9bo9,06/04/2019 14:44,Krusty Combo,gray whale
kBXuQ7GrhK,06/04/2019 14:45,Krabby Pattie,gray whale
77kLVWAjfX,06/04/2019 14:46,Krusty Combo,seahorse
rWUZdjtMs5,06/04/2019 14:49,Krabby Pattie,gray whale
JvGLDsXF4y,06/04/2019 14:52,Krabby Pattie,giant clam
S9sYVadYpg,06/04/2019 14:53,Krabby Pattie,leatherback turtle
4PEslNWlo8,06/04/2019 14:55,Krabby Pattie,sea lion
ZhAPTScu2A,06/04/2019 14:57,Krabby Pattie,giant clam
UOEiWViKev,06/04/2019 14:59,Krabby Pattie,seahorse
t245inQcM7,06/04/2019 15:01,Krusty Combo,salmon
B7pdgIbeFd,06/04/2019 15:04,Krusty Combo,salmon
96pxezPjGg,06/04/2019 15:07,Krabby Pattie,salmon
CbAB23tz5p,06/04/2019 15:09,Krabby Pattie,salmon
yF7aZvx3iM,06/04/2019 15:10,Krabby Pattie,seahorse
34B1Nl20P6,06/04/2019 15:12,Krusty Combo,salmon
1SyjNAMdfd,06/04/2019 15:14,Krabby Pattie,leatherback turtle
0oQZd3y49e,06/04/2019 15:15,Krabby Pattie,seahorse
8PXYGqeCxd,06/04/2019 15:16,Krabby Pattie,salmon
GNFuySxsTw,06/04/2019 15:17,Krusty Deluxe,salmon
BjryEDKYnJ,06/04/2019 15:20,Krabby Pattie,sea lion
0eMUnkij1K,06/04/2019 15:21,Krusty Deluxe,giant clam
cOjelBfyrg,06/04/2019 15:22,Krabby Pattie,giant clam
RND5sp37Ho,06/04/2019 15:25,Krabby Pattie,salmon
tDQLhWAY7U,06/04/2019 15:27,Krabby Pattie,gray whale
YHvagMvobW,06/04/2019 15:28,Krusty Deluxe,coral
jkCTy2feqZ,06/04/2019 15:30,Krabby Pattie,sea lion
pXO4aIZ36J,06/04/2019 15:31,Krabby Pattie,giant clam
kuHseFYGi7,06/04/2019 15:33,Krusty Deluxe,sea lion
xyP0lGLoWY,06/04/2019 15:36,Krusty Deluxe,seahorse
MfTQVqlGBf,06/04/2019 15:37,Krusty Combo,sea lion
FFIWKiLAFx,06/04/2019 15:39,Krabby Pattie,seahorse
1ZQo4yTiO8,06/04/2019 15:40,Krusty Deluxe,gray whale
x5Emu5ussM,06/04/2019 15:41,Krusty Deluxe,sea lion
g1SP3BXDCN,06/04/2019 15:43,Krusty Combo,gray whale
xy9a3hAYwJ,06/04/2019 15:44,Krusty Combo,seahorse
uIb8Fx0QSS,06/04/2019 15:45,Krabby Pattie,giant clam
8LdgnH9CyZ,06/04/2019 15:46,Krusty Deluxe,salmon
USZro5P7Z7,06/04/2019 15:48,Krusty Combo,seahorse
hLivmzQe9X,06/04/2019 15:49,Krabby Pattie,leatherback turtle
oXY2lA2WPD,06/04/2019 15:50,Krusty Combo,salmon
TqFUpDtuw5,06/04/2019 15:51,Krabby Pattie,sea lion
m14zA6GYlh,06/04/2019 15:53,Krabby Pattie,seahorse
C6QFApxwy6,06/04/2019 15:55,Krabby Pattie,giant clam
G4z0etSedH,06/04/2019 15:57,Krusty Deluxe,coral
ngk3XjI9bu,06/04/2019 15:58,Krusty Deluxe,gray whale
ixjf0D2xV7,06/04/2019 16:01,Krusty Combo,giant clam
IPxdf8lL69,06/04/2019 16:02,Krabby Pattie,giant clam
Y5isSVQS3Q,06/04/2019 16:04,Krusty Combo,seahorse
Ey1zLDyNy3,06/04/2019 16:06,Krabby Pattie,seahorse
tiF0aQgmPV,06/04/2019 16:08,Krabby Pattie,sea lion
3i7daGfrcj,06/04/2019 16:09,Krabby Pattie,giant clam
0v5jdKN0un,06/04/2019 16:11,Krabby Pattie,leatherback turtle
BK4RWbKMAL,06/04/2019 16:13,Krabby Pattie,seahorse
yDMJjmayTz,06/04/2019 16:16,Krusty Deluxe,giant clam
BF7TDYtKcW,06/04/2019 16:18,Krabby Pattie,seahorse
15c8l7HtGE,06/04/2019 16:19,Krabby Pattie,gray whale
BQqbicaNdS,06/04/2019 16:20,Krabby Pattie,salmon
DH0LnedzEl,06/04/2019 16:22,Krabby Pattie,seahorse
O5VIHWvMWQ,06/04/2019 16:24,Krabby Pattie,seahorse
oZvKT84BhA,06/04/2019 16:26,Krusty Deluxe,salmon
r2gMKIo5Rb,06/04/2019 16:29,Krabby Pattie,leatherback turtle
G6DQg3iCPC,06/04/2019 16:30,Krabby Pattie,seahorse
KKKFlooL4g,06/04/2019 16:32,Krusty Combo,salmon
9Zy8puQf6w,06/04/2019 16:35,Krusty Deluxe,seahorse
I6TOTJ8DCp,06/04/2019 16:37,Krusty Combo,seahorse
elmGPa7qbH,06/04/2019 16:38,Krabby Pattie,giant clam
SFH9d1emEK,06/04/2019 16:40,Krusty Deluxe,giant clam
7aYOZEqkyE,06/04/2019 16:42,Krusty Deluxe,sea lion
Gc60MrZyt3,06/04/2019 16:44,Krabby Pattie,gray whale
mrxzbXvkrQ,06/04/2019 16:45,Krabby Pattie,seahorse
OQOmQo2u0v,06/04/2019 16:48,Krabby Pattie,sea lion
7F008esuTT,06/04/2019 16:49,Krabby Pattie,salmon
FhFWxwhGf5,06/04/2019 16:51,Krabby Pattie,giant clam
npuucXmrEm,06/04/2019 16:54,Krabby Pattie,seahorse
p5UjUQmJbW,06/04/2019 16:56,Krabby Pattie,gray whale
O5yoaNJVT6,06/04/2019 16:57,Krabby Pattie,giant clam
6i3fo6T0uG,06/04/2019 16:58,Krabby Pattie,salmon
3gzDiYsWWl,06/04/2019 17:00,Krusty Deluxe,seahorse
dLZDABxuUp,06/04/2019 17:02,Krusty Deluxe,salmon
z6sp8yvrAZ,06/04/2019 17:04,Krabby Pattie,salmon
0gOw3GXyPU,06/04/2019 17:06,Krabby Pattie,leatherback turtle
AVxvW6FeT5,06/04/2019 17:07,Krusty Deluxe,seahorse
iNV4hyie0B,06/04/2019 17:08,Krusty Deluxe,sea lion
nC4QxKfnjU,06/04/2019 17:10,Krusty Combo,gray whale
2OlLWNGFWb,06/04/2019 17:11,Krusty Combo,giant clam
nFpPCbM3nZ,06/04/2019 17:13,Krabby Pattie,salmon
HIXkgCYttG,06/04/2019 17:14,Krabby Pattie,sea lion
DuaRTVFs0q,06/04/2019 17:15,Krusty Deluxe,sea lion
JmssEC1KS7,06/04/2019 17:19,Krabby Pattie,leatherback turtle
mVUPtTjWMX,06/04/2019 17:21,Krabby Pattie,leatherback turtle
gFcsAgINTQ,06/04/2019 17:22,Krabby Pattie,salmon
ndLRbGP211,06/04/2019 17:23,Krusty Deluxe,seahorse
vXUR1vz38S,06/04/2019 17:26,Krabby Pattie,leatherback turtle
yz1SvQiPfh,06/04/2019 17:28,Krabby Pattie,giant clam
hsl7RsY8Iu,06/04/2019 17:31,Krabby Pattie,salmon
xXTnxIo3Mf,06/04/2019 17:32,Krabby Pattie,seahorse
rfzJ2NxPtB,06/04/2019 17:33,Krabby Pattie,giant clam
AZ0AQBahw0,06/04/2019 17:34,Krabby Pattie,coral
RBgcyhoVtM,06/04/2019 17:37,Krusty Deluxe,seahorse
RmIOmDXEsp,06/04/2019 17:39,Krabby Pattie,leatherback turtle
PhtvTDv7Gl,06/04/2019 17:41,Krabby Pattie,gray whale
tm5l5Jkdic,06/04/2019 17:43,Krusty Combo,seahorse
bNYFsDjTMq,06/04/2019 17:45,Krabby Pattie,salmon
vbaZI6DvFW,06/04/2019 17:46,Krabby Pattie,leatherback turtle
hXTiq0GsFX,06/04/2019 17:47,Krabby Pattie,salmon
z2VwGJOylS,06/04/2019 17:49,Krusty Deluxe,gray whale
cvFeHX3liY,06/04/2019 17:51,Krabby Pattie,sea lion
26eGvspXNz,06/04/2019 17:54,Krabby Pattie,coral
4XwbAWGrWd,06/04/2019 17:56,Krusty Deluxe,gray whale
JqM46JmOru,06/04/2019 17:59,Krabby Pattie,sea lion
pw7DuBn8ux,07/04/2019 8:00,Krabby Pattie,seahorse
Z0iWhdhEQL,07/04/2019 8:03,Krabby Pattie,salmon
r7cjl6kG9g,07/04/2019 8:05,Krabby Pattie,salmon
zG2RkOEoUO,07/04/2019 8:07,Krusty Deluxe,gray whale
chqb6pd2pK,07/04/2019 8:09,Krabby Pattie,seahorse
KCCv4mGozx,07/04/2019 8:11,Krabby Pattie,seahorse
wFElVxiWHp,07/04/2019 8:12,Krabby Pattie,salmon
0yMhHGuJF0,07/04/2019 8:13,Krabby Pattie,leatherback turtle
i2YZ3WfIyu,07/04/2019 8:15,Krabby Pattie,leatherback turtle
END89F4NTu,07/04/2019 8:16,Krabby Pattie,seahorse
T2YF8TOWIX,07/04/2019 8:18,Krabby Pattie,leatherback turtle
9mHz2llxhb,07/04/2019 8:20,Krabby Pattie,seahorse
3gAb8HhVLJ,07/04/2019 8:22,Krabby Pattie,seahorse
Z5Cw6xrjV3,07/04/2019 8:24,Krusty Deluxe,giant clam
TQMICXdhLo,07/04/2019 8:25,Krusty Combo,gray whale
ga3FqaeQfL,07/04/2019 8:27,Krabby Pattie,seahorse
AE0bdxgSq7,07/04/2019 8:30,Krabby Pattie,giant clam
hJWlnC0oY1,07/04/2019 8:32,Krusty Combo,salmon
luBPotIZT0,07/04/2019 8:34,Krusty Deluxe,salmon
FBypy6rbfL,07/04/2019 8:36,Krusty Deluxe,seahorse
o9Z3GJ0yHB,07/04/2019 8:37,Krusty Deluxe,sea lion
Srb6k09hCD,07/04/2019 8:39,Krusty Deluxe,seahorse
7wYdEQtA7W,07/04/2019 8:40,Krabby Pattie,gray whale
gqiirjm9IG,07/04/2019 8:42,Krabby Pattie,giant clam
PGqHnJT08n,07/04/2019 8:43,Krabby Pattie,salmon
rZiWrg0qKN,07/04/2019 8:45,Krabby Pattie,leatherback turtle
RrEz0258Au,07/04/2019 8:48,Krusty Combo,salmon
qWIDcw0raT,07/04/2019 8:49,Krabby Pattie,giant clam
IXkfthqebL,07/04/2019 8:52,Krabby Pattie,giant clam
D4AjNxFCZR,07/04/2019 8:53,Krusty Combo,gray whale
3QLTRdO3u9,07/04/2019 8:55,Krabby Pattie,gray whale
PTjEsF5wED,07/04/2019 8:56,Krabby Pattie,seahorse
RPJ6vi0oSL,07/04/2019 8:57,Krabby Pattie,leatherback turtle
E5RfQbW37P,07/04/2019 8:59,Krusty Deluxe,salmon
KjP0kyoY3r,07/04/2019 9:01,Krabby Pattie,seahorse
eQqmWRcmnO,07/04/2019 9:03,Krabby Pattie,sea lion
lS9N6TbFID,07/04/2019 9:06,Krabby Pattie,gray whale
vHCsAZrJUB,07/04/2019 9:07,Krusty Combo,sea lion
SN8wPSmuvs,07/04/2019 9:08,Krabby Pattie,giant clam
MCTQ6baPhs,07/04/2019 9:10,Krabby Pattie,seahorse
AGz6xBkOh4,07/04/2019 9:11,Krabby Pattie,giant clam
KFCtG0MClo,07/04/2019 9:13,Krusty Deluxe,salmon
OVZ0FwRix4,07/04/2019 9:15,Krabby Pattie,gray whale
m3uwJPcMkI,07/04/2019 9:17,Krabby Pattie,giant clam
VjLUFTWEm7,07/04/2019 9:18,Krabby Pattie,salmon
icZqf9VZZH,07/04/2019 9:19,Krusty Combo,giant clam
elyv159i4K,07/04/2019 9:22,Krusty Combo,seahorse
MbR8huQAgF,07/04/2019 9:25,Krabby Pattie,seahorse
ZpI97ypkoQ,07/04/2019 9:28,Krabby Pattie,giant clam
hk3DYZkB1b,07/04/2019 9:29,Krabby Pattie,seahorse
9tYcoHdcQb,07/04/2019 9:31,Krabby Pattie,giant clam
ilqtjm0F8v,07/04/2019 9:32,Krabby Pattie,giant clam
cM2X5JUDiZ,07/04/2019 9:34,Krusty Deluxe,gray whale
PhUvOblSOh,07/04/2019 9:35,Krusty Deluxe,gray whale
43REwLLYF8,07/04/2019 9:38,Krabby Pattie,seahorse
xLm2uOYeM3,07/04/2019 9:39,Krabby Pattie,giant clam
tWsoK9XSVH,07/04/2019 9:40,Krabby Pattie,sea lion
bXJtef948g,07/04/2019 9:42,Krusty Deluxe,giant clam
NVkB3vUmHY,07/04/2019 9:43,Krusty Deluxe,salmon
fs2g3yxw5E,07/04/2019 9:44,Krabby Pattie,giant clam
tUtivVUcs9,07/04/2019 9:46,Krusty Combo,seahorse
Rv8ZRtiGEl,07/04/2019 9:48,Krabby Pattie,giant clam
meq55q9m4U,07/04/2019 9:49,Krusty Deluxe,giant clam
u6qBiXnKwm,07/04/2019 9:51,Krabby Pattie,leatherback turtle
nI5OPK9usF,07/04/2019 9:52,Krabby Pattie,giant clam
gxlIzvEFQX,07/04/2019 9:55,Krabby Pattie,sea lion
6649uZfPsW,07/04/2019 9:56,Krabby Pattie,seahorse
bfhJbhG8tq,07/04/2019 9:57,Krusty Combo,seahorse
gXaQs9vYjh,07/04/2019 9:59,Krabby Pattie,salmon
aSiJro3ngq,07/04/2019 10:02,Krusty Deluxe,leatherback turtle
PnOfNpk7sa,07/04/2019 10:03,Krabby Pattie,salmon
Zb11LPsLAA,07/04/2019 10:05,Krusty Deluxe,salmon
EdAihlAwEc,07/04/2019 10:06,Krabby Pattie,leatherback turtle
G7S6Ju3NRS,07/04/2019 10:09,Krabby Pattie,seahorse
DkcjHucaEB,07/04/2019 10:11,Krabby Pattie,giant clam
pKHixsZgC4,07/04/2019 10:13,Krabby Pattie,seahorse
sgBWaUDxKO,07/04/2019 10:14,Krabby Pattie,sea lion
nuDBg0FP54,07/04/2019 10:15,Krabby Pattie,giant clam
G54ovNpvhn,07/04/2019 10:17,Krabby Pattie,sea lion
fr6esuejUe,07/04/2019 10:18,Krabby Pattie,sea lion
geVrVu0qxT,07/04/2019 10:20,Krusty Combo,giant clam
J3dM9ySQuC,07/04/2019 10:21,Krabby Pattie,seahorse
gsJwWlErjG,07/04/2019 10:22,Krabby Pattie,sea lion
gujyblt5li,07/04/2019 10:24,Krabby Pattie,giant clam
9fkUKijDHM,07/04/2019 10:27,Krabby Pattie,gray whale
XQyD29UhC8,07/04/2019 10:28,Krusty Deluxe,sea lion
xTBE13t0CU,07/04/2019 10:29,Krabby Pattie,sea lion
U9GzEUU5UX,07/04/2019 10:30,Krusty Deluxe,sea lion
CMk2ADQhDc,07/04/2019 10:32,Krabby Pattie,giant clam
SPB4sSqMOf,07/04/2019 10:34,Krabby Pattie,seahorse
sVJ94ZCIfu,07/04/2019 10:35,Krabby Pattie,sea lion
VqLyh45gFt,07/04/2019 10:36,Krusty Deluxe,giant clam
VMC7vWJyjC,07/04/2019 10:38,Krabby Pattie,sea lion
C1MY8ktJhM,07/04/2019 10:39,Krusty Deluxe,leatherback turtle
dXQugKCwJh,07/04/2019 10:42,Krabby Pattie,leatherback turtle
ZfALtDZ3Wk,07/04/2019 10:43,Krabby Pattie,seahorse
pikU29UCK3,07/04/2019 10:44,Krabby Pattie,seahorse
JuzNSCi2u3,07/04/2019 10:47,Krabby Pattie,giant clam
RYLmJ5yB5p,07/04/2019 10:49,Krabby Pattie,gray whale
ZMyDyVSEqR,07/04/2019 10:50,Krabby Pattie,gray whale
yG6NJ0DtaX,07/04/2019 10:52,Krusty Combo,giant clam
2ZehK4sOqr,07/04/2019 10:53,Krusty Combo,giant clam
OXpbFHC0je,07/04/2019 10:55,Krusty Combo,salmon
69QS8IoRLl,07/04/2019 10:57,Krabby Pattie,salmon
pCu7rci07t,07/04/2019 10:58,Krabby Pattie,seahorse
RSGsRDmlVN,07/04/2019 11:01,Krabby Pattie,salmon
BnvC9rc6K8,07/04/2019 11:03,Krusty Deluxe,gray whale
SnvpKkOTTn,07/04/2019 11:04,Krusty Combo,salmon
WBmL0enKaJ,07/04/2019 11:05,Krusty Combo,gray whale
DSMC3Th9D1,07/04/2019 11:06,Krabby Pattie,giant clam
HEQWogCmA9,07/04/2019 11:08,Krusty Deluxe,sea lion
DRgftYDEr2,07/04/2019 11:09,Krusty Combo,leatherback turtle
xaXgNJEhCS,07/04/2019 11:12,Krusty Deluxe,seahorse
MKbZVwIaF5,07/04/2019 11:13,Krusty Combo,seahorse
zPkgyrC2Nc,07/04/2019 11:14,Krabby Pattie,seahorse
9pH274nIn4,07/04/2019 11:16,Krabby Pattie,seahorse
fxNjNu2TNK,07/04/2019 11:17,Krabby Pattie,giant clam
jbPb16UPrz,07/04/2019 11:20,Krusty Deluxe,seahorse
OtnhdErxhg,07/04/2019 11:22,Krabby Pattie,seahorse
Y5zT8x0xfu,07/04/2019 11:23,Krusty Deluxe,salmon
kqNgjAZe8x,07/04/2019 11:25,Krabby Pattie,giant clam
g5gAFhytmO,07/04/2019 11:26,Krabby Pattie,seahorse
Bv1K8jUR0K,07/04/2019 11:27,Krusty Deluxe,seahorse
LYFdoGUhze,07/04/2019 11:28,Krabby Pattie,seahorse
Ni9qGUSYYa,07/04/2019 11:30,Krusty Deluxe,seahorse
4HDLdCPdzO,07/04/2019 11:34,Krabby Pattie,seahorse
l2uaYrFK4v,07/04/2019 11:35,Krabby Pattie,leatherback turtle
KHRlnT92gt,07/04/2019 11:37,Krusty Deluxe,seahorse
FDReJejo4x,07/04/2019 11:38,Krabby Pattie,sea lion
eZ15Bv8UPn,07/04/2019 11:41,Krabby Pattie,salmon
XN0IWtsSjY,07/04/2019 11:43,Krabby Pattie,giant clam
wj2NdYgSkR,07/04/2019 11:45,Krabby Pattie,sea lion
ROoDM3voRU,07/04/2019 11:48,Krabby Pattie,giant clam
XmMacYfEnR,07/04/2019 11:49,Krusty Combo,coral
vvyepGJS5t,07/04/2019 11:51,Krabby Pattie,giant clam
ZbXS5dUdBt,07/04/2019 11:53,Krusty Deluxe,sea lion
4RfMPBu6Aj,07/04/2019 11:55,Krusty Combo,coral
xCHvXwhTqm,07/04/2019 11:57,Krusty Deluxe,sea lion
v6XanVsxbA,07/04/2019 11:58,Krabby Pattie,giant clam
pzYNjyi19v,07/04/2019 12:00,Krusty Deluxe,seahorse
LaeiXp7Xhd,07/04/2019 12:01,Krusty Deluxe,seahorse
ej0s4b5lj3,07/04/2019 12:03,Krabby Pattie,leatherback turtle
3zGusitF9l,07/04/2019 12:05,Krabby Pattie,salmon
IIQIV5NOfS,07/04/2019 12:06,Krabby Pattie,salmon
PYh6cOtMRV,07/04/2019 12:08,Krabby Pattie,seahorse
NpYFTQOvcO,07/04/2019 12:09,Krabby Pattie,seahorse
WUpBUlOhpJ,07/04/2019 12:12,Krusty Deluxe,sea lion
qJe3Ih3Lj9,07/04/2019 12:13,Krabby Pattie,sea lion
yneccDieXl,07/04/2019 12:15,Krusty Deluxe,leatherback turtle
hPHxi6m8OK,07/04/2019 12:17,Krabby Pattie,leatherback turtle
cGDB1fjSvO,07/04/2019 12:18,Krabby Pattie,giant clam
wpUVSQumEA,07/04/2019 12:20,Krusty Deluxe,seahorse
zP1JL62EjZ,07/04/2019 12:21,Krusty Deluxe,sea lion
Gx6LtsnhPl,07/04/2019 12:23,Krusty Deluxe,salmon
ouoG6o4BFK,07/04/2019 12:25,Krusty Deluxe,leatherback turtle
FKv4UwgcNH,07/04/2019 12:28,Krabby Pattie,leatherback turtle
JJ8ZFKd5zv,07/04/2019 12:29,Krabby Pattie,sea lion
Cx1MEVdm6P,07/04/2019 12:31,Krabby Pattie,giant clam
uAv8vWZFTU,07/04/2019 12:32,Krabby Pattie,seahorse
Fcj4c3lkmi,07/04/2019 12:34,Krabby Pattie,salmon
aNu6SMU1ZL,07/04/2019 12:35,Krusty Deluxe,giant clam
Y5iZHDjAru,07/04/2019 12:38,Krabby Pattie,giant clam
950gwIm5xC,07/04/2019 12:40,Krabby Pattie,salmon
zBnyiYbD01,07/04/2019 12:41,Krusty Deluxe,gray whale
0wf62fZFhl,07/04/2019 12:42,Krusty Combo,coral
huF1DFBgDt,07/04/2019 12:43,Krabby Pattie,seahorse
bfXH1TCSeq,07/04/2019 12:45,Krabby Pattie,seahorse
2CGj8qZOgz,07/04/2019 12:47,Krabby Pattie,salmon
94RlgYrj24,07/04/2019 12:49,Krabby Pattie,seahorse
1ILxHTesiZ,07/04/2019 12:52,Krabby Pattie,giant clam
Na6yyzCQ78,07/04/2019 12:54,Krabby Pattie,seahorse
NNGlyfKY6g,07/04/2019 12:56,Krabby Pattie,gray whale
4Owb5m6kVs,07/04/2019 12:57,Krabby Pattie,giant clam
MCqBpt4y74,07/04/2019 12:59,Krusty Deluxe,sea lion
bS6apSj867,07/04/2019 13:02,Krusty Deluxe,seahorse
4bN8ykV2GB,07/04/2019 13:04,Krusty Deluxe,seahorse
mInnyVCr3n,07/04/2019 13:06,Krabby Pattie,sea lion
LIfgm8PWgt,07/04/2019 13:08,Krabby Pattie,giant clam
fopO18lXyo,07/04/2019 13:10,Krusty Combo,giant clam
AfZP1k9PyU,07/04/2019 13:11,Krusty Combo,salmon
EDs6TgPia7,07/04/2019 13:13,Krabby Pattie,gray whale
hSJsJRqmKM,07/04/2019 13:16,Krusty Combo,giant clam
vnhGcwW2yY,07/04/2019 13:17,Krusty Combo,salmon
KDM0Ew1a08,07/04/2019 13:18,Krabby Pattie,sea lion
ocYi7Mu2bP,07/04/2019 13:19,Krusty Combo,salmon
hYDdJTel13,07/04/2019 13:22,Krabby Pattie,salmon
C7pU23YCKB,07/04/2019 13:23,Krusty Combo,salmon
h1VrTJvma8,07/04/2019 13:25,Krusty Combo,salmon
XZoxmIYKz2,07/04/2019 13:28,Krabby Pattie,sea lion
k6Yzeyuc7W,07/04/2019 13:29,Krabby Pattie,seahorse
NvBWNx5WRe,07/04/2019 13:32,Krabby Pattie,giant clam
VnBQgNCUGP,07/04/2019 13:34,Krabby Pattie,sea lion
sLTetcvkJz,07/04/2019 13:36,Krusty Deluxe,gray whale
EHit2ZmcC6,07/04/2019 13:38,Krusty Deluxe,sea lion
kxckfdks4v,07/04/2019 13:41,Krabby Pattie,salmon
VyEEMAzORn,07/04/2019 13:42,Krabby Pattie,giant clam
RKAH69NOJV,07/04/2019 13:44,Krabby Pattie,giant clam
y30epltanv,07/04/2019 13:46,Krusty Combo,seahorse
uYEysdc06c,07/04/2019 13:49,Krusty Deluxe,sea lion
vS3zFpg3kZ,07/04/2019 13:50,Krabby Pattie,salmon
Pd3tjogUlD,07/04/2019 13:51,Krusty Combo,giant clam
DmWS4oHc90,07/04/2019 13:52,Krusty Combo,salmon
EZrnRJqeOZ,07/04/2019 13:54,Krusty Combo,seahorse
eKHcHOJXl8,07/04/2019 13:56,Krusty Deluxe,seahorse
MclFMPDMFB,07/04/2019 13:58,Krusty Deluxe,giant clam
PFsWuikhiI,07/04/2019 13:59,Krusty Combo,giant clam
bCTEsbOVH2,07/04/2019 14:01,Krabby Pattie,seahorse
2jTcElXIsh,07/04/2019 14:02,Krabby Pattie,seahorse
ibEes8Oyq6,07/04/2019 14:04,Krabby Pattie,giant clam
SSlv1eJSo0,07/04/2019 14:09,Krabby Pattie,giant clam
Ook8ZPUlMf,07/04/2019 14:10,Krusty Deluxe,giant clam
qHOwFl7LEz,07/04/2019 14:12,Krabby Pattie,gray whale
yobKiHpECQ,07/04/2019 14:13,Krabby Pattie,seahorse
L2GaEihMV9,07/04/2019 14:14,Krabby Pattie,salmon
rgHpsLVGYr,07/04/2019 14:15,Krabby Pattie,salmon
WQev2GtwPI,07/04/2019 14:18,Krabby Pattie,gray whale
hoXsYQNZTZ,07/04/2019 14:21,Krabby Pattie,sea lion
yDOPSBcDup,07/04/2019 14:22,Krabby Pattie,leatherback turtle
UpO8h3N2FM,07/04/2019 14:24,Krusty Deluxe,salmon
XD9terVi5x,07/04/2019 14:25,Krusty Combo,seahorse
KwXHjsPBKx,07/04/2019 14:27,Krabby Pattie,salmon
DvrC9J1m38,07/04/2019 14:28,Krusty Deluxe,gray whale
j5NLgu5TRc,07/04/2019 14:31,Krabby Pattie,gray whale
HXmz54zR5Y,07/04/2019 14:33,Krusty Combo,giant clam
As2xfPxmMi,07/04/2019 14:35,Krabby Pattie,giant clam
APfwZGp6hW,07/04/2019 14:36,Krabby Pattie,gray whale
MSli07rAJk,07/04/2019 14:38,Krusty Combo,seahorse
VdO8hdygrg,07/04/2019 14:39,Krabby Pattie,giant clam
0LZQMVKV7q,07/04/2019 14:41,Krabby Pattie,seahorse
TH5KveCtDM,07/04/2019 14:43,Krusty Deluxe,giant clam
VLDaVMsQJk,07/04/2019 14:45,Krusty Deluxe,salmon
IcKv5WE3kI,07/04/2019 14:47,Krusty Combo,salmon
HZ5CuMDpUm,07/04/2019 14:49,Krabby Pattie,salmon
41KtpPyIJH,07/04/2019 14:50,Krusty Combo,seahorse
iaa2zW2zD3,07/04/2019 14:51,Krabby Pattie,sea lion
KBJQAVofjj,07/04/2019 14:54,Krusty Combo,leatherback turtle
Fz0IGEo3DK,07/04/2019 14:57,Krusty Combo,seahorse
aXkZjJOoAr,07/04/2019 14:59,Krusty Deluxe,leatherback turtle
GzWAsay0V8,07/04/2019 15:00,Krusty Deluxe,sea lion
vmBYSfmrE0,07/04/2019 15:01,Krabby Pattie,salmon
dj8OBf5VuW,07/04/2019 15:04,Krabby Pattie,giant clam
gTwjQ0bMDk,07/04/2019 15:06,Krusty Deluxe,leatherback turtle
IDDrn9NU2s,07/04/2019 15:08,Krusty Combo,seahorse
FFOso0J8nI,07/04/2019 15:09,Krabby Pattie,salmon
nAajafXHLE,07/04/2019 15:11,Krabby Pattie,giant clam
hoavbA9EU9,07/04/2019 15:13,Krusty Deluxe,sea lion
Slk5LuHYNf,07/04/2019 15:15,Krusty Deluxe,gray whale
lTNtF3zWld,07/04/2019 15:18,Krusty Combo,gray whale
JJ6F9sLGc3,07/04/2019 15:20,Krabby Pattie,giant clam
TCGTeMXWWJ,07/04/2019 15:22,Krusty Deluxe,salmon
SGsyeBs86S,07/04/2019 15:25,Krusty Deluxe,giant clam
gGF1D2lTRZ,07/04/2019 15:27,Krusty Deluxe,seahorse
fzXOTlMY3m,07/04/2019 15:28,Krabby Pattie,seahorse
JcLcuj3xSG,07/04/2019 15:29,Krusty Deluxe,leatherback turtle
q1ynX6QnZt,07/04/2019 15:31,Krusty Deluxe,giant clam
yubfYQhFY4,07/04/2019 15:33,Krabby Pattie,giant clam
XVSU1uAThc,07/04/2019 15:35,Krabby Pattie,sea lion
tnxnniHNKb,07/04/2019 15:36,Krusty Combo,giant clam
nfCVySD8Cx,07/04/2019 15:38,Krabby Pattie,seahorse
VTRfLdsQM7,07/04/2019 15:40,Krabby Pattie,salmon
Ve2pd13OL7,07/04/2019 15:42,Krusty Combo,salmon
XF4mrSsE6L,07/04/2019 15:43,Krabby Pattie,seahorse
VNIbgrca9r,07/04/2019 15:44,Krabby Pattie,sea lion
tzuEaaQnzX,07/04/2019 15:48,Krabby Pattie,leatherback turtle
w4kVjAcKGq,07/04/2019 15:49,Krabby Pattie,giant clam
RK7HxmkIDU,07/04/2019 15:50,Krabby Pattie,salmon
yI8Cv3mbzh,07/04/2019 15:53,Krusty Deluxe,gray whale
YGuFsWbm45,07/04/2019 15:55,Krusty Combo,sea lion
nJp4ya6NhG,07/04/2019 15:57,Krusty Deluxe,gray whale
5GlZY0iug1,07/04/2019 15:59,Krabby Pattie,giant clam
bTVEkVbgDH,07/04/2019 16:00,Krabby Pattie,coral
P9c6mbRCOh,07/04/2019 16:01,Krabby Pattie,giant clam
YS4FGafspx,07/04/2019 16:03,Krabby Pattie,seahorse
CsSNlU4Hzl,07/04/2019 16:05,Krusty Deluxe,seahorse
llV4LHHlYL,07/04/2019 16:07,Krusty Deluxe,giant clam
vBWv3lunOz,07/04/2019 16:09,Krabby Pattie,sea lion
IeSFI7q8pq,07/04/2019 16:11,Krabby Pattie,salmon
mXUKH3iV40,07/04/2019 16:12,Krabby Pattie,seahorse
7zeXxBbmGA,07/04/2019 16:13,Krusty Combo,gray whale
wsFyNf81Ax,07/04/2019 16:15,Krusty Deluxe,seahorse
46LtFsHqnb,07/04/2019 16:16,Krabby Pattie,seahorse
rdxkR38oAF,07/04/2019 16:18,Krusty Deluxe,coral
DvHzWPhNod,07/04/2019 16:19,Krusty Deluxe,leatherback turtle
ZAqJFX4T8R,07/04/2019 16:20,Krabby Pattie,salmon
jXKa6WINUK,07/04/2019 16:21,Krabby Pattie,salmon
Gbfh0xgNen,07/04/2019 16:24,Krusty Deluxe,seahorse
UX4xX3E7M9,07/04/2019 16:26,Krusty Deluxe,salmon
NlO6Fsmxke,07/04/2019 16:27,Krabby Pattie,salmon
9I6sVbJCzt,07/04/2019 16:30,Krabby Pattie,leatherback turtle
zSfl5PuOXX,07/04/2019 16:31,Krabby Pattie,seahorse
5t47riAwlz,07/04/2019 16:32,Krabby Pattie,salmon
IKjfWEehxh,07/04/2019 16:33,Krusty Deluxe,seahorse
McMSRoW68a,07/04/2019 16:35,Krabby Pattie,giant clam
O5q2v4vNCe,07/04/2019 16:36,Krabby Pattie,giant clam
JmvWZz7Jyo,07/04/2019 16:38,Krabby Pattie,seahorse
rXqDwgi3tn,07/04/2019 16:39,Krabby Pattie,salmon
oztKN6k8Kw,07/04/2019 16:41,Krabby Pattie,sea lion
9wRu9YkYhF,07/04/2019 16:44,Krabby Pattie,seahorse
yRpmGZHXOH,07/04/2019 16:45,Krusty Deluxe,seahorse
vFTWZrt5Y1,07/04/2019 16:47,Krabby Pattie,giant clam
urdkR1Dhum,07/04/2019 16:49,Krabby Pattie,gray whale
Pabh3dKehF,07/04/2019 16:52,Krabby Pattie,sea lion
U3XoSinw87,07/04/2019 16:54,Krabby Pattie,salmon
bXRJPtqSlJ,07/04/2019 16:55,Krabby Pattie,leatherback turtle
kV8mRGjaKr,07/04/2019 16:57,Krusty Deluxe,gray whale
DK5rkJSExX,07/04/2019 17:00,Krusty Deluxe,gray whale
hvgKg01ClM,07/04/2019 17:02,Krabby Pattie,leatherback turtle
pb5RLP9o9P,07/04/2019 17:03,Krusty Combo,giant clam
IAysA6VIGv,07/04/2019 17:04,Krusty Deluxe,seahorse
6vBm0RNPez,07/04/2019 17:06,Krabby Pattie,seahorse
nX8zbNGAPy,07/04/2019 17:08,Krusty Combo,seahorse
kukGnGBY4D,07/04/2019 17:10,Krabby Pattie,seahorse
vb8ofwwhLk,07/04/2019 17:11,Krusty Deluxe,seahorse
TwU0QzIRv4,07/04/2019 17:14,Krabby Pattie,seahorse
29u9cEbYdi,07/04/2019 17:15,Krusty Deluxe,giant clam
OH9yRALfdh,07/04/2019 17:17,Krabby Pattie,seahorse
dPhbtU2KJd,07/04/2019 17:18,Krusty Deluxe,seahorse
lUL56QevTX,07/04/2019 17:21,Krabby Pattie,sea lion
gastjtAiqN,07/04/2019 17:22,Krusty Combo,seahorse
p67ULSQyXD,07/04/2019 17:24,Krusty Deluxe,gray whale
a2v5rp0maO,07/04/2019 17:26,Krusty Deluxe,seahorse
YklfvZhwfU,07/04/2019 17:28,Krusty Deluxe,gray whale
DTuRTxiRI5,07/04/2019 17:30,Krabby Pattie,giant clam
ZRDvcijqAo,07/04/2019 17:32,Krabby Pattie,giant clam
QOEBVcbAV7,07/04/2019 17:34,Krabby Pattie,seahorse
xCezdLS7qU,07/04/2019 17:35,Krabby Pattie,coral
oA3TGsxgqc,07/04/2019 17:36,Krusty Deluxe,seahorse
RBLb8Oenm0,07/04/2019 17:38,Krusty Deluxe,salmon
FdKM8azk8T,07/04/2019 17:39,Krusty Deluxe,seahorse
qHkh2F3pxQ,07/04/2019 17:42,Krusty Combo,sea lion
lCD2MBBPt9,07/04/2019 17:43,Krusty Deluxe,gray whale
H5mN26cT92,07/04/2019 17:46,Krabby Pattie,salmon
UjchW6MTIq,07/04/2019 17:48,Krabby Pattie,gray whale
QZll48pzPq,07/04/2019 17:49,Krabby Pattie,sea lion
O5HotPqP65,07/04/2019 17:51,Krusty Deluxe,giant clam
NJqkq8wmL3,07/04/2019 17:54,Krusty Deluxe,seahorse
3HqhA8qljS,07/04/2019 17:55,Krabby Pattie,salmon
VWTDCI4Tke,07/04/2019 17:57,Krabby Pattie,giant clam
F3JttO6XEg,07/04/2019 17:59,Krusty Deluxe,giant clam
RakZOdrEjC,08/04/2019 8:00,Krusty Deluxe,giant clam
ZLzFowVU1y,08/04/2019 8:02,Krabby Pattie,leatherback turtle
HSIb6eQDcD,08/04/2019 8:04,Krusty Deluxe,salmon
FmCcyKHM9s,08/04/2019 8:05,Krabby Pattie,seahorse
8sDTzjxLhC,08/04/2019 8:09,Krabby Pattie,giant clam
rzOQ3Tosp2,08/04/2019 8:10,Krabby Pattie,giant clam
Zn5c8jzqIC,08/04/2019 8:12,Krusty Deluxe,salmon
xl1Ezq6AAe,08/04/2019 8:14,Krusty Combo,salmon
JbkyQCZIFW,08/04/2019 8:15,Krabby Pattie,seahorse
J8mkafJpL4,08/04/2019 8:17,Krusty Deluxe,seahorse
y95bFaWBxR,08/04/2019 8:20,Krusty Deluxe,seahorse
rr8vzUPN27,08/04/2019 8:22,Krabby Pattie,giant clam
C8A0s9bNaA,08/04/2019 8:24,Krabby Pattie,sea lion
zVWvVdoaf6,08/04/2019 8:26,Krabby Pattie,seahorse
jQLX4RM9Qv,08/04/2019 8:27,Krusty Deluxe,seahorse
FTxa26gkUh,08/04/2019 8:28,Krabby Pattie,sea lion
8vNA9dQhj3,08/04/2019 8:29,Krabby Pattie,gray whale
2fmSs6cnOp,08/04/2019 8:32,Krusty Combo,salmon
XgUfs5ZKAC,08/04/2019 8:35,Krabby Pattie,giant clam
6VN4NH3xOi,08/04/2019 8:37,Krusty Deluxe,seahorse
u7FxV9C1D1,08/04/2019 8:38,Krabby Pattie,giant clam
sejGArXjon,08/04/2019 8:40,Krusty Combo,salmon
3LkkRssi0y,08/04/2019 8:42,Krabby Pattie,seahorse
vE1uA7JodC,08/04/2019 8:44,Krusty Deluxe,coral
KF0BODnpE2,08/04/2019 8:45,Krabby Pattie,coral
1nR5KRsZYh,08/04/2019 8:49,Krabby Pattie,seahorse
2vPBvKWT15,08/04/2019 8:50,Krabby Pattie,salmon
QHsTm5H5TF,08/04/2019 8:53,Krusty Combo,giant clam
lBqFegy2KH,08/04/2019 8:55,Krabby Pattie,seahorse
sq5r2C1Czj,08/04/2019 8:57,Krabby Pattie,seahorse
porp3l2EOt,08/04/2019 8:58,Krabby Pattie,salmon
pLvvKGFeiV,08/04/2019 8:59,Krusty Combo,sea lion
JVPKRMWFXh,08/04/2019 9:01,Krabby Pattie,gray whale
lGUwRaXV3b,08/04/2019 9:02,Krabby Pattie,giant clam
RrDMLMUPTs,08/04/2019 9:04,Krusty Deluxe,salmon
8ulr1Z8BQ8,08/04/2019 9:05,Krusty Combo,sea lion
TPNhSo1F5D,08/04/2019 9:07,Krusty Combo,leatherback turtle
KhAKvb0rv1,08/04/2019 9:09,Krusty Deluxe,salmon
EaGagrdutL,08/04/2019 9:11,Krusty Combo,giant clam
dcC0yClR0X,08/04/2019 9:12,Krusty Combo,gray whale
fNQU5mjinE,08/04/2019 9:15,Krusty Deluxe,giant clam
25eoojw9gf,08/04/2019 9:17,Krabby Pattie,giant clam
VRyyLunUas,08/04/2019 9:19,Krusty Combo,seahorse
W9rrXTzKAR,08/04/2019 9:20,Krusty Deluxe,sea lion
SeUP47mTlO,08/04/2019 9:22,Krabby Pattie,coral
K5bNWGC3qw,08/04/2019 9:25,Krusty Deluxe,giant clam
U2lIowkCek,08/04/2019 9:26,Krabby Pattie,seahorse
S4vGuWl0kB,08/04/2019 9:28,Krusty Combo,gray whale
kXZjg70i4l,08/04/2019 9:29,Krabby Pattie,leatherback turtle
bpKyj2v68N,08/04/2019 9:30,Krabby Pattie,giant clam
MXVCcUEzTU,08/04/2019 9:32,Krusty Deluxe,leatherback turtle
KVlOEoLgN2,08/04/2019 9:35,Krusty Deluxe,salmon
EHxepC3Emm,08/04/2019 9:36,Krusty Deluxe,giant clam
FSP7bGFrwX,08/04/2019 9:38,Krabby Pattie,giant clam
O9YtOCFcrx,08/04/2019 9:41,Krusty Deluxe,seahorse
TX2z85wsIE,08/04/2019 9:42,Krusty Deluxe,sea lion
xSc1gRgv13,08/04/2019 9:45,Krusty Deluxe,leatherback turtle
eNhH4H47k7,08/04/2019 9:47,Krabby Pattie,seahorse
FNanne4eyQ,08/04/2019 9:48,Krabby Pattie,salmon
Ay4QHrgVN8,08/04/2019 9:49,Krabby Pattie,giant clam
XQC7E8ptWp,08/04/2019 9:51,Krabby Pattie,giant clam
PWePDJ81cr,08/04/2019 9:53,Krusty Combo,sea lion
Omz5CVPsw7,08/04/2019 9:54,Krabby Pattie,seahorse
tDlzyFfmB6,08/04/2019 9:56,Krabby Pattie,giant clam
IzCboNVVZq,08/04/2019 9:58,Krabby Pattie,leatherback turtle
1gY4vfecwj,08/04/2019 9:59,Krabby Pattie,gray whale
mMGaBqUJ8z,08/04/2019 10:01,Krabby Pattie,sea lion
SFW69Qa02d,08/04/2019 10:02,Krabby Pattie,seahorse
aKHu0n9Gcl,08/04/2019 10:05,Krabby Pattie,sea lion
MxloBr1y3T,08/04/2019 10:06,Krabby Pattie,seahorse
ziERVlYHn9,08/04/2019 10:08,Krusty Deluxe,sea lion
asuNoSkjsr,08/04/2019 10:10,Krabby Pattie,seahorse
ble3I9hfNm,08/04/2019 10:11,Krabby Pattie,seahorse
kw4I905xIH,08/04/2019 10:12,Krusty Deluxe,leatherback turtle
xWXRRfHO6V,08/04/2019 10:13,Krabby Pattie,salmon
SzwdFMt45z,08/04/2019 10:15,Krabby Pattie,seahorse
yaTmNJCn36,08/04/2019 10:17,Krabby Pattie,seahorse
igyHfRcaJF,08/04/2019 10:20,Krabby Pattie,seahorse
QN92D8A3oM,08/04/2019 10:21,Krabby Pattie,sea lion
f9wlc8twS9,08/04/2019 10:23,Krabby Pattie,seahorse
xlWvRNh9ko,08/04/2019 10:24,Krabby Pattie,giant clam
i7K0EvqSP4,08/04/2019 10:26,Krabby Pattie,seahorse
fTMcusCQNg,08/04/2019 10:27,Krabby Pattie,giant clam
z7chXRzeG4,08/04/2019 10:29,Krusty Combo,seahorse
FqTKuRtrQa,08/04/2019 10:30,Krusty Combo,coral
hM4UW9xUVn,08/04/2019 10:31,Krusty Deluxe,seahorse
kkpXaVtGbB,08/04/2019 10:32,Krabby Pattie,seahorse
kbJUBVScCi,08/04/2019 10:34,Krusty Combo,salmon
TaPrS7S2zo,08/04/2019 10:36,Krabby Pattie,gray whale
73v7rY1V0x,08/04/2019 10:38,Krusty Combo,sea lion
IamjkLQu0h,08/04/2019 10:41,Krabby Pattie,seahorse
qRezyBZn9A,08/04/2019 10:43,Krusty Deluxe,sea lion
zOAeVLE9Pm,08/04/2019 10:47,Krabby Pattie,sea lion
Zqweg8453X,08/04/2019 10:49,Krusty Deluxe,giant clam
rTyLa9w077,08/04/2019 10:51,Krabby Pattie,seahorse
cW8TWN8MRS,08/04/2019 10:53,Krabby Pattie,sea lion
sIg9DJxloo,08/04/2019 10:54,Krusty Deluxe,leatherback turtle
f3mpXTzlEO,08/04/2019 10:56,Krusty Combo,seahorse
7RlTAnCOdy,08/04/2019 10:59,Krabby Pattie,giant clam
JCOqwPsN4X,08/04/2019 11:01,Krabby Pattie,seahorse
svjliIELjC,08/04/2019 11:03,Krabby Pattie,seahorse
gxDcwbd9cm,08/04/2019 11:04,Krabby Pattie,seahorse
qK0rYluSdV,08/04/2019 11:06,Krabby Pattie,salmon
vs72cr3IcN,08/04/2019 11:08,Krabby Pattie,giant clam
QQBHHMunka,08/04/2019 11:09,Krabby Pattie,sea lion
av9gw1aHgn,08/04/2019 11:10,Krabby Pattie,gray whale
5tzPBqYE5j,08/04/2019 11:12,Krabby Pattie,sea lion
UXCoSxC294,08/04/2019 11:14,Krabby Pattie,coral
rGcRaxJcJ9,08/04/2019 11:16,Krabby Pattie,salmon
sZYhU5Ygvk,08/04/2019 11:18,Krabby Pattie,giant clam
C6rBqBIxXn,08/04/2019 11:20,Krabby Pattie,giant clam
1OcXbkereC,08/04/2019 11:21,Krabby Pattie,gray whale
qdoRdLM9jV,08/04/2019 11:22,Krabby Pattie,salmon
oRfRHGEBAD,08/04/2019 11:24,Krabby Pattie,giant clam
oEECrc9JYN,08/04/2019 11:28,Krabby Pattie,salmon
lUEEh0N5Uz,08/04/2019 11:29,Krabby Pattie,salmon
HZk1tM2Qyh,08/04/2019 11:31,Krabby Pattie,leatherback turtle
ILRqZ8NDVn,08/04/2019 11:33,Krabby Pattie,seahorse
2879Ua3ugZ,08/04/2019 11:35,Krusty Combo,giant clam
FNFSEeS5Gs,08/04/2019 11:37,Krabby Pattie,leatherback turtle
ze5JantWeg,08/04/2019 11:38,Krusty Deluxe,sea lion
w3L6kEqKDq,08/04/2019 11:40,Krusty Deluxe,giant clam
ZJEY1TSRuU,08/04/2019 11:42,Krabby Pattie,sea lion
pmTvkx2FP1,08/04/2019 11:43,Krabby Pattie,leatherback turtle
m40OsDlj3I,08/04/2019 11:44,Krabby Pattie,giant clam
L76dhkoBCq,08/04/2019 11:46,Krabby Pattie,seahorse
CWbTT4laYT,08/04/2019 11:48,Krabby Pattie,gray whale
VFzazGeI1i,08/04/2019 11:49,Krusty Combo,sea lion
f1pAqfQSkG,08/04/2019 11:50,Krusty Combo,giant clam
x2J9fKZW17,08/04/2019 11:52,Krabby Pattie,giant clam
rehwz0TDri,08/04/2019 11:53,Krabby Pattie,giant clam
ThonEfyAxb,08/04/2019 11:54,Krusty Deluxe,gray whale
ElHMqSiqhh,08/04/2019 11:56,Krabby Pattie,seahorse
HUbjdtS80E,08/04/2019 11:58,Krusty Deluxe,sea lion
huBMxaC6Xu,08/04/2019 11:59,Krusty Deluxe,giant clam
nBokWgXXSg,08/04/2019 12:01,Krabby Pattie,seahorse
DEo6LJphQK,08/04/2019 12:02,Krabby Pattie,salmon
hUUgIgJoPn,08/04/2019 12:04,Krabby Pattie,sea lion
Djl3lTrUOe,08/04/2019 12:05,Krusty Deluxe,coral
XBnwAqgsle,08/04/2019 12:06,Krabby Pattie,giant clam
UbHVpQMsyB,08/04/2019 12:09,Krabby Pattie,giant clam
h6y27bLg55,08/04/2019 12:10,Krabby Pattie,sea lion
XQ9GgpPD3s,08/04/2019 12:12,Krabby Pattie,seahorse
dKaw8VjtwD,08/04/2019 12:14,Krusty Deluxe,leatherback turtle
UA1VSx6QUQ,08/04/2019 12:17,Krabby Pattie,salmon
CU8cSH6619,08/04/2019 12:19,Krusty Combo,seahorse
8L77LwZsRk,08/04/2019 12:21,Krusty Combo,sea lion
MrvoVmcz5V,08/04/2019 12:22,Krusty Combo,giant clam
Zz5flPT3e6,08/04/2019 12:24,Krusty Deluxe,giant clam
Mk5o6aLegw,08/04/2019 12:27,Krusty Deluxe,gray whale
zudZG6XIuZ,08/04/2019 12:29,Krabby Pattie,leatherback turtle
k3uAu2RXoX,08/04/2019 12:30,Krabby Pattie,sea lion
ULJVZR4wnR,08/04/2019 12:33,Krusty Deluxe,gray whale
aoMGqjxj2z,08/04/2019 12:35,Krusty Deluxe,gray whale
vTb2CUSX8j,08/04/2019 12:36,Krabby Pattie,giant clam
EDGH4wxmIe,08/04/2019 12:38,Krusty Deluxe,seahorse
mWVKc5aeX4,08/04/2019 12:39,Krusty Deluxe,seahorse
XcfOckoEdL,08/04/2019 12:40,Krabby Pattie,seahorse
XtUk7JNiWh,08/04/2019 12:42,Krabby Pattie,giant clam
ATqiw7A6jD,08/04/2019 12:44,Krabby Pattie,salmon
wv9mYWAdod,08/04/2019 12:45,Krabby Pattie,giant clam
Ek8WusSdjM,08/04/2019 12:49,Krabby Pattie,salmon
rBnQQfcIkj,08/04/2019 12:50,Krabby Pattie,giant clam
NXJV6GbjHu,08/04/2019 12:53,Krabby Pattie,sea lion
jtLkdN0GWC,08/04/2019 12:55,Krabby Pattie,giant clam
RJ7aTYHZZ0,08/04/2019 12:57,Krusty Deluxe,giant clam
qzFmYBkxWD,08/04/2019 12:58,Krabby Pattie,salmon
NnQxUOlnOm,08/04/2019 13:00,Krusty Deluxe,leatherback turtle
Cc8zNqSZF3,08/04/2019 13:01,Krusty Deluxe,leatherback turtle
rhVqSZ2Mm0,08/04/2019 13:04,Krabby Pattie,leatherback turtle
0iqvQlVS1J,08/04/2019 13:06,Krusty Combo,salmon
1X4F4PdPz8,08/04/2019 13:07,Krabby Pattie,sea lion
UKVtLYCTyK,08/04/2019 13:10,Krabby Pattie,salmon
iZ5c53ZVoU,08/04/2019 13:12,Krabby Pattie,sea lion
JTz18YYyDZ,08/04/2019 13:14,Krusty Deluxe,gray whale
6B0IgSwOB5,08/04/2019 13:15,Krabby Pattie,seahorse
wIdkdxUdCB,08/04/2019 13:16,Krabby Pattie,gray whale
aFz71IIuhK,08/04/2019 13:19,Krabby Pattie,gray whale
wAgn10nyWG,08/04/2019 13:21,Krabby Pattie,leatherback turtle
W6e10HxGLy,08/04/2019 13:22,Krusty Deluxe,sea lion
JECSpoCnQp,08/04/2019 13:24,Krabby Pattie,sea lion
ww11stbCYh,08/04/2019 13:25,Krusty Combo,seahorse
teqzJIPwYd,08/04/2019 13:27,Krabby Pattie,giant clam
NQFar5ou8l,08/04/2019 13:28,Krusty Combo,giant clam
C2QngVQ5l6,08/04/2019 13:29,Krusty Combo,seahorse
PXJOqYygD9,08/04/2019 13:32,Krusty Combo,gray whale
wm8CMM9B2I,08/04/2019 13:34,Krabby Pattie,gray whale
JqQfBLYDZr,08/04/2019 13:35,Krusty Combo,giant clam
AgNjsFpNoo,08/04/2019 13:37,Krabby Pattie,leatherback turtle
YUncyLzDpS,08/04/2019 13:38,Krusty Combo,seahorse
1c0WW5povt,08/04/2019 13:39,Krabby Pattie,sea lion
qLeAEA3k8q,08/04/2019 13:41,Krusty Combo,seahorse
L9VvSmeCXc,08/04/2019 13:42,Krusty Deluxe,salmon
lBxGvPk52Q,08/04/2019 13:44,Krabby Pattie,seahorse
GHAh0Ayhou,08/04/2019 13:45,Krabby Pattie,salmon
DDFOot8r4b,08/04/2019 13:48,Krabby Pattie,sea lion
yel50J54VK,08/04/2019 13:50,Krabby Pattie,giant clam
edwWmRv8ha,08/04/2019 13:51,Krusty Combo,gray whale
ybK6vqN3qc,08/04/2019 13:53,Krusty Deluxe,gray whale
pbHQhgg9ch,08/04/2019 13:54,Krabby Pattie,salmon
vvlyiwyhEP,08/04/2019 13:57,Krusty Deluxe,seahorse
iYuVuoQZZt,08/04/2019 13:59,Krusty Combo,coral
Pu35eSWsIw,08/04/2019 14:00,Krabby Pattie,gray whale
EPFGwdjcov,08/04/2019 14:02,Krabby Pattie,gray whale
1DFUNqVQFl,08/04/2019 14:04,Krusty Combo,giant clam
T45Kh260Ie,08/04/2019 14:06,Krusty Combo,salmon
WHk6G9SxnB,08/04/2019 14:07,Krabby Pattie,coral
tdqcytXg58,08/04/2019 14:08,Krusty Deluxe,seahorse
9Jo2DumNLy,08/04/2019 14:10,Krabby Pattie,salmon
onWdGWUCQH,08/04/2019 14:12,Krusty Combo,salmon
DgAhW11ohR,08/04/2019 14:13,Krusty Deluxe,sea lion
KOivLjFSDv,08/04/2019 14:14,Krusty Combo,gray whale
bCnxgFTaQW,08/04/2019 14:16,Krusty Combo,leatherback turtle
B4ANbMqeJX,08/04/2019 14:18,Krusty Deluxe,salmon
V8ntF0YWv5,08/04/2019 14:20,Krusty Deluxe,seahorse
WKajlxTvzh,08/04/2019 14:21,Krusty Deluxe,gray whale
jGciM25Dtr,08/04/2019 14:23,Krabby Pattie,leatherback turtle
s26tzWTXEJ,08/04/2019 14:24,Krabby Pattie,gray whale
0MsGoEkJSd,08/04/2019 14:26,Krusty Deluxe,giant clam
cxDRBcWqi1,08/04/2019 14:28,Krusty Deluxe,sea lion
ff8YgS8QUw,08/04/2019 14:30,Krabby Pattie,leatherback turtle
NR6oCrchQ7,08/04/2019 14:31,Krabby Pattie,coral
YMoS3mbOYl,08/04/2019 14:34,Krusty Combo,gray whale
knXHJev6De,08/04/2019 14:35,Krusty Combo,sea lion
gyzFLQdyxc,08/04/2019 14:36,Krabby Pattie,leatherback turtle
9L17RXvj7z,08/04/2019 14:39,Krusty Deluxe,salmon
3LrfUhHB9l,08/04/2019 14:42,Krabby Pattie,salmon
M0AljcIknZ,08/04/2019 14:44,Krabby Pattie,giant clam
YgANz4Ioau,08/04/2019 14:46,Krabby Pattie,seahorse
U8rdLqAAcm,08/04/2019 14:47,Krusty Deluxe,leatherback turtle
KUr14xzJbu,08/04/2019 14:50,Krusty Deluxe,sea lion
q6i4GOJRPW,08/04/2019 14:53,Krusty Combo,giant clam
RCiUDXg6G4,08/04/2019 14:54,Krusty Deluxe,gray whale
ouJ1N9kMkp,08/04/2019 14:56,Krabby Pattie,giant clam
urvaYeShde,08/04/2019 14:58,Krabby Pattie,giant clam
pRtPnyPF5A,08/04/2019 14:59,Krusty Deluxe,giant clam
VHsBNyum8e,08/04/2019 15:01,Krabby Pattie,seahorse
RHeNLINIsl,08/04/2019 15:04,Krabby Pattie,leatherback turtle
Zsrg6mbDv6,08/04/2019 15:06,Krabby Pattie,salmon
Mo36kqWFDH,08/04/2019 15:07,Krusty Deluxe,gray whale
uf0MzCkPAG,08/04/2019 15:09,Krabby Pattie,seahorse
bKwPhFqqho,08/04/2019 15:10,Krabby Pattie,seahorse
Ritj5UMAWn,08/04/2019 15:12,Krabby Pattie,seahorse
MviN9i5E67,08/04/2019 15:14,Krabby Pattie,salmon
hcgrpXG8VD,08/04/2019 15:15,Krabby Pattie,gray whale
E9ZQj2LecZ,08/04/2019 15:18,Krusty Combo,seahorse
dGTAiNLnoV,08/04/2019 15:20,Krusty Combo,seahorse
FYONBzO25Z,08/04/2019 15:21,Krabby Pattie,salmon
arlkeODmoL,08/04/2019 15:24,Krusty Deluxe,leatherback turtle
gT3z18KagM,08/04/2019 15:27,Krabby Pattie,leatherback turtle
Dh7u1w3xV2,08/04/2019 15:30,Krabby Pattie,seahorse
5KMzjdmy8Z,08/04/2019 15:33,Krabby Pattie,salmon
FjveskM5zD,08/04/2019 15:34,Krabby Pattie,giant clam
HJCF22yoGP,08/04/2019 15:36,Krabby Pattie,sea lion
AKKohXNhMp,08/04/2019 15:39,Krusty Deluxe,salmon
4maCz0EYfD,08/04/2019 15:41,Krabby Pattie,seahorse
3I5IC7ipvK,08/04/2019 15:42,Krusty Combo,sea lion
pSbcc8BZbj,08/04/2019 15:44,Krabby Pattie,gray whale
dvy15KJMVU,08/04/2019 15:46,Krusty Deluxe,giant clam
W1a5VUfep9,08/04/2019 15:48,Krusty Combo,leatherback turtle
3KaCtffIUS,08/04/2019 15:50,Krabby Pattie,gray whale
OvgLL6fKRO,08/04/2019 15:51,Krusty Deluxe,gray whale
4eEv85UGF9,08/04/2019 15:52,Krabby Pattie,leatherback turtle
Cr5TpZCrgs,08/04/2019 15:54,Krabby Pattie,giant clam
ityZqNJKY4,08/04/2019 15:55,Krabby Pattie,seahorse
mactJiZqcT,08/04/2019 15:56,Krusty Deluxe,seahorse
fQiWYSUgvx,08/04/2019 15:58,Krabby Pattie,gray whale
zKDxAXZpD3,08/04/2019 16:01,Krusty Deluxe,sea lion
0LMMBTk5JN,08/04/2019 16:03,Krabby Pattie,leatherback turtle
StU2IxTh85,08/04/2019 16:06,Krusty Combo,seahorse
LUT98Gydly,08/04/2019 16:07,Krabby Pattie,giant clam
hD4XJDaoMV,08/04/2019 16:08,Krusty Combo,sea lion
FS0Gsna9E9,08/04/2019 16:11,Krusty Deluxe,giant clam
cbsKgJMLjI,08/04/2019 16:12,Krabby Pattie,giant clam
jbYdho6QJH,08/04/2019 16:14,Krabby Pattie,seahorse
OTRbuqTRTy,08/04/2019 16:16,Krusty Combo,sea lion
sAYjOiNTLz,08/04/2019 16:17,Krabby Pattie,giant clam
ehMLQH71wl,08/04/2019 16:18,Krusty Combo,leatherback turtle
2QKsLcVPZW,08/04/2019 16:20,Krabby Pattie,seahorse
aBEXwLOuQn,08/04/2019 16:22,Krusty Deluxe,seahorse
sDobLVxn8h,08/04/2019 16:25,Krabby Pattie,seahorse
E4j1pJoTQO,08/04/2019 16:26,Krabby Pattie,sea lion
GeBY5B0upP,08/04/2019 16:28,Krabby Pattie,leatherback turtle
P2VeWPKt33,08/04/2019 16:31,Krusty Deluxe,giant clam
CDybvHdaNv,08/04/2019 16:32,Krabby Pattie,salmon
1LiSw3gg19,08/04/2019 16:35,Krabby Pattie,sea lion
ZX31P4y9jC,08/04/2019 16:37,Krusty Deluxe,giant clam
tf4Mab91lB,08/04/2019 16:38,Krusty Deluxe,salmon
kR4M9AV3TL,08/04/2019 16:39,Krabby Pattie,sea lion
OmPRZbqUGo,08/04/2019 16:40,Krusty Combo,seahorse
doL4TEHEMT,08/04/2019 16:42,Krusty Deluxe,sea lion
JoN2tJIIw2,08/04/2019 16:44,Krabby Pattie,seahorse
yH7mbncnOM,08/04/2019 16:46,Krabby Pattie,sea lion
PkCSi9mazK,08/04/2019 16:48,Krabby Pattie,giant clam
1q5L37tndb,08/04/2019 16:50,Krusty Deluxe,sea lion
KNGVEDAGSU,08/04/2019 16:51,Krabby Pattie,sea lion
NQ7qpQLntq,08/04/2019 16:53,Krabby Pattie,salmon
mctE5Ixnbz,08/04/2019 16:55,Krabby Pattie,salmon
moR50yh6Jv,08/04/2019 16:57,Krabby Pattie,leatherback turtle
20uD9VoQhk,08/04/2019 16:58,Krusty Deluxe,seahorse
422qRrOm2Y,08/04/2019 17:00,Krusty Deluxe,giant clam
hCfwfNYDm8,08/04/2019 17:02,Krabby Pattie,seahorse
uwnPgsgnWB,08/04/2019 17:04,Krusty Combo,salmon
rgzpddCBId,08/04/2019 17:06,Krabby Pattie,sea lion
QF8BxFwktQ,08/04/2019 17:07,Krusty Deluxe,giant clam
iR6Krr4pKK,08/04/2019 17:10,Krabby Pattie,salmon
kX7kpSmjdu,08/04/2019 17:12,Krusty Combo,seahorse
sol30pX2ic,08/04/2019 17:13,Krabby Pattie,gray whale
DcieYY0iw8,08/04/2019 17:14,Krabby Pattie,giant clam
25Mb4GSPPS,08/04/2019 17:16,Krabby Pattie,salmon
HE2PXmByee,08/04/2019 17:17,Krabby Pattie,sea lion
DfZn69o8ts,08/04/2019 17:18,Krusty Deluxe,sea lion
zAXjLBnt6V,08/04/2019 17:20,Krusty Combo,sea lion
ggTF2WHJgm,08/04/2019 17:21,Krabby Pattie,leatherback turtle
rpGAB2buvl,08/04/2019 17:22,Krabby Pattie,sea lion
GdDCG0i3Ky,08/04/2019 17:24,Krusty Combo,sea lion
mvDAj7dqGY,08/04/2019 17:25,Krabby Pattie,sea lion
A74LqBnSmW,08/04/2019 17:27,Krusty Combo,seahorse
Yl3d6KPHAU,08/04/2019 17:29,Krabby Pattie,sea lion
tcyeJhV5WZ,08/04/2019 17:31,Krabby Pattie,gray whale
v0DWEBZtKi,08/04/2019 17:33,Krusty Deluxe,seahorse
xwkVk5JUzf,08/04/2019 17:35,Krabby Pattie,giant clam
VBROEizObt,08/04/2019 17:36,Krusty Deluxe,giant clam
MACYDDwLee,08/04/2019 17:39,Krabby Pattie,giant clam
EMdaqah57c,08/04/2019 17:40,Krabby Pattie,leatherback turtle
xXsQxb0HJT,08/04/2019 17:43,Krusty Combo,giant clam
kyCCChz0st,08/04/2019 17:45,Krusty Deluxe,salmon
hCxyZQ3BFI,08/04/2019 17:46,Krabby Pattie,leatherback turtle
7Cod2H3BIS,08/04/2019 17:47,Krabby Pattie,seahorse
NdP9ers015,08/04/2019 17:49,Krabby Pattie,sea lion
TfU5zGFThX,08/04/2019 17:50,Krabby Pattie,leatherback turtle
lV5YZNWpUZ,08/04/2019 17:52,Krusty Deluxe,seahorse
6otu0BpFWf,08/04/2019 17:57,Krabby Pattie,seahorse
lWhnR8GKs1,08/04/2019 17:58,Krabby Pattie,giant clam
TMnyd7gk5w,08/04/2019 17:59,Krabby Pattie,seahorse
NnzWweLGAN,09/04/2019 8:01,Krabby Pattie,seahorse
XT7frDCMQI,09/04/2019 8:03,Krabby Pattie,seahorse
YmeNCgpTf3,09/04/2019 8:05,Krusty Deluxe,seahorse
ckpQZUKgtg,09/04/2019 8:06,Krusty Combo,giant clam
qfve3HB6rZ,09/04/2019 8:09,Krabby Pattie,seahorse
FGjTqmfRhd,09/04/2019 8:11,Krabby Pattie,giant clam
wIsUr8f5F9,09/04/2019 8:13,Krusty Deluxe,giant clam
ViZRSZgHgO,09/04/2019 8:15,Krabby Pattie,seahorse
H9slO7peYQ,09/04/2019 8:17,Krusty Deluxe,seahorse
UklN37HTEb,09/04/2019 8:18,Krabby Pattie,salmon
UW7H5617XQ,09/04/2019 8:20,Krusty Deluxe,salmon
qZEJLCY0eJ,09/04/2019 8:23,Krusty Deluxe,sea lion
agTzP78vsb,09/04/2019 8:25,Krusty Deluxe,giant clam
PEtRySn3VB,09/04/2019 8:27,Krusty Deluxe,giant clam
Ih2xXI98yY,09/04/2019 8:29,Krusty Combo,giant clam
vaxcflUYIm,09/04/2019 8:31,Krabby Pattie,giant clam
iVE2vsX7TF,09/04/2019 8:33,Krabby Pattie,seahorse
PlsDOUtYJj,09/04/2019 8:34,Krusty Deluxe,salmon
kZo94WcKAE,09/04/2019 8:37,Krabby Pattie,seahorse
nAzGlYpJvP,09/04/2019 8:39,Krabby Pattie,salmon
gzYY6ldj1b,09/04/2019 8:40,Krabby Pattie,sea lion
VqoaLvsJ9l,09/04/2019 8:42,Krusty Combo,leatherback turtle
8evLPig3TR,09/04/2019 8:43,Krabby Pattie,sea lion
gtnoIY1IyF,09/04/2019 8:45,Krusty Deluxe,seahorse
oDyN5S8Rcz,09/04/2019 8:46,Krusty Deluxe,seahorse
XfvJZsxYhj,09/04/2019 8:47,Krabby Pattie,giant clam
nZv2BFh4BM,09/04/2019 8:48,Krusty Combo,sea lion
BqerUXlH2w,09/04/2019 8:50,Krabby Pattie,seahorse
1O0tSD8nzK,09/04/2019 8:52,Krabby Pattie,sea lion
3tXZohviZv,09/04/2019 8:53,Krusty Combo,salmon
FYTS5SPPj7,09/04/2019 8:56,Krusty Deluxe,seahorse
YNN0CwNti7,09/04/2019 8:57,Krabby Pattie,giant clam
mDgzpP80gj,09/04/2019 8:58,Krusty Deluxe,salmon
AXq9lxPCUQ,09/04/2019 9:00,Krusty Deluxe,coral
HdLnAGjXZH,09/04/2019 9:01,Krabby Pattie,seahorse
NQwNc44fSX,09/04/2019 9:03,Krabby Pattie,giant clam
8FgOCIWSvi,09/04/2019 9:04,Krabby Pattie,giant clam
QKBtZ7xIed,09/04/2019 9:06,Krabby Pattie,seahorse
fOJwmR7YgN,09/04/2019 9:08,Krabby Pattie,gray whale
FG97kADvUt,09/04/2019 9:10,Krusty Combo,salmon
ZeOKuhhC8y,09/04/2019 9:11,Krabby Pattie,seahorse
Jbuf46UsC1,09/04/2019 9:14,Krusty Deluxe,giant clam
prvX3dAC4R,09/04/2019 9:15,Krabby Pattie,giant clam
BBIvBAJGmf,09/04/2019 9:17,Krabby Pattie,sea lion
1fqOP1nZNu,09/04/2019 9:19,Krusty Deluxe,sea lion
WKOHfCqSHN,09/04/2019 9:20,Krabby Pattie,gray whale
WrWYfE8qVf,09/04/2019 9:22,Krusty Deluxe,seahorse
22QnZ33VDu,09/04/2019 9:24,Krabby Pattie,giant clam
Neq6Y8gVBM,09/04/2019 9:27,Krusty Deluxe,sea lion
wHfZl00u9m,09/04/2019 9:29,Krabby Pattie,salmon
YDtSuYl2fF,09/04/2019 9:31,Krabby Pattie,salmon
XZdZrjPMVz,09/04/2019 9:34,Krusty Combo,salmon
Iug4BLrO0d,09/04/2019 9:35,Krusty Deluxe,giant clam
AvcxotiA2m,09/04/2019 9:37,Krusty Deluxe,seahorse
FwufnbFmwy,09/04/2019 9:38,Krabby Pattie,seahorse
8EcMA15vSv,09/04/2019 9:39,Krabby Pattie,leatherback turtle
rRnQOA6Ipl,09/04/2019 9:40,Krusty Combo,leatherback turtle
PA7VvJUB8s,09/04/2019 9:43,Krusty Combo,giant clam
hP9haYWzh9,09/04/2019 9:45,Krabby Pattie,salmon
j6bDCenHoY,09/04/2019 9:48,Krusty Deluxe,sea lion
K596hiYIZY,09/04/2019 9:50,Krabby Pattie,leatherback turtle
1D290fl2s4,09/04/2019 9:52,Krusty Deluxe,seahorse
SzijtdbfLG,09/04/2019 9:54,Krusty Deluxe,seahorse
0QFKx6FEms,09/04/2019 9:55,Krabby Pattie,seahorse
lCl1IdUQwd,09/04/2019 9:58,Krabby Pattie,giant clam
LAtJuSgCNd,09/04/2019 10:00,Krabby Pattie,sea lion
N8tWoyGSkT,09/04/2019 10:03,Krusty Deluxe,gray whale
7c1CHoDnTF,09/04/2019 10:05,Krabby Pattie,seahorse
AgSoAJujVQ,09/04/2019 10:07,Krusty Deluxe,salmon
W3TrGLk7OB,09/04/2019 10:09,Krabby Pattie,seahorse
e5FjUQMnVu,09/04/2019 10:10,Krabby Pattie,seahorse
BjueADNG9l,09/04/2019 10:12,Krusty Combo,seahorse
GBLshyh8qV,09/04/2019 10:14,Krabby Pattie,sea lion
jm9WKS4nyT,09/04/2019 10:15,Krabby Pattie,leatherback turtle
0j7GLNcjN8,09/04/2019 10:17,Krusty Combo,salmon
VoGPcPS3f3,09/04/2019 10:18,Krabby Pattie,giant clam
CJDUu8Oafo,09/04/2019 10:19,Krusty Deluxe,seahorse
sYHBrwIsZK,09/04/2019 10:21,Krabby Pattie,seahorse
BsXVy4PhPL,09/04/2019 10:23,Krusty Deluxe,giant clam
jHghrO9n4f,09/04/2019 10:24,Krabby Pattie,giant clam
g3pNLvtlEJ,09/04/2019 10:26,Krusty Deluxe,giant clam
k5yrEYJNqg,09/04/2019 10:27,Krusty Combo,leatherback turtle
UeYOOo6DjV,09/04/2019 10:29,Krabby Pattie,giant clam
BPECosBPs1,09/04/2019 10:31,Krusty Deluxe,gray whale
1fEkJ5YVcm,09/04/2019 10:32,Krabby Pattie,giant clam
oryua29ruJ,09/04/2019 10:35,Krusty Combo,leatherback turtle
DwcLfNwkuz,09/04/2019 10:37,Krusty Combo,giant clam
Nw38yMAiK5,09/04/2019 10:39,Krabby Pattie,giant clam
bGwqGlVSDF,09/04/2019 10:40,Krusty Deluxe,sea lion
5dozetcz7Q,09/04/2019 10:42,Krusty Combo,giant clam
KWFEMRZ47v,09/04/2019 10:45,Krabby Pattie,leatherback turtle
c056etLYRK,09/04/2019 10:46,Krabby Pattie,coral
sYqLCtjoDj,09/04/2019 10:48,Krabby Pattie,giant clam
Lhz9q874mb,09/04/2019 10:49,Krusty Deluxe,giant clam
OuqSAuDC0S,09/04/2019 10:51,Krusty Deluxe,seahorse
ZnBQWgayKB,09/04/2019 10:53,Krabby Pattie,giant clam
5r7YWItw1O,09/04/2019 10:56,Krabby Pattie,sea lion
H6JOMozIFC,09/04/2019 10:58,Krusty Combo,salmon
gmEdSZkXw9,09/04/2019 10:59,Krabby Pattie,giant clam
tdwzIXTjGf,09/04/2019 11:00,Krabby Pattie,giant clam
uf6NjJIQUJ,09/04/2019 11:02,Krabby Pattie,salmon
hbz9WiS3wd,09/04/2019 11:04,Krabby Pattie,gray whale
0DyJyvrbMa,09/04/2019 11:05,Krusty Deluxe,gray whale
expUHwYHFV,09/04/2019 11:06,Krabby Pattie,giant clam
BeBchZUfL7,09/04/2019 11:08,Krabby Pattie,leatherback turtle
wfTLYIs6mJ,09/04/2019 11:10,Krusty Deluxe,seahorse
o3ya5Wr1KS,09/04/2019 11:11,Krabby Pattie,sea lion
rK2fKbK7Pn,09/04/2019 11:13,Krabby Pattie,leatherback turtle
Hhjr01lTgV,09/04/2019 11:15,Krabby Pattie,leatherback turtle
07R9B12ylx,09/04/2019 11:17,Krabby Pattie,sea lion
xZGuoFu4cd,09/04/2019 11:18,Krusty Deluxe,giant clam
bpWXFcbLOj,09/04/2019 11:19,Krabby Pattie,seahorse
zALRl8c0w1,09/04/2019 11:21,Krabby Pattie,sea lion
gwVAQZ4lmF,09/04/2019 11:22,Krabby Pattie,seahorse
9lcdCEDsve,09/04/2019 11:25,Krabby Pattie,giant clam
FrGY95kTwi,09/04/2019 11:27,Krusty Combo,seahorse
dr2eB2lho0,09/04/2019 11:31,Krusty Deluxe,salmon
LnZI2okYxB,09/04/2019 11:32,Krabby Pattie,giant clam
2xjnLjXe0j,09/04/2019 11:34,Krabby Pattie,salmon
eIFWehMHRF,09/04/2019 11:35,Krabby Pattie,giant clam
ImdZgoDnE5,09/04/2019 11:37,Krusty Deluxe,seahorse
cW0LrsXIMH,09/04/2019 11:38,Krabby Pattie,coral
ZPKWpIDlnG,09/04/2019 11:40,Krusty Deluxe,sea lion
rWs0cINiMY,09/04/2019 11:43,Krabby Pattie,gray whale
DxVkyBGEe4,09/04/2019 11:45,Krabby Pattie,salmon
QcRQfxjC4O,09/04/2019 11:47,Krabby Pattie,leatherback turtle
anjPUvTG8a,09/04/2019 11:49,Krusty Deluxe,seahorse
7cJ2v0wDOK,09/04/2019 11:50,Krabby Pattie,salmon
842NiS4Vb6,09/04/2019 11:52,Krusty Deluxe,gray whale
ldNJr62hwq,09/04/2019 11:53,Krusty Combo,salmon
KsDZ1m8ebJ,09/04/2019 11:54,Krabby Pattie,gray whale
Yf6GvKVa5u,09/04/2019 11:56,Krusty Deluxe,sea lion
KQB4WI4Bxw,09/04/2019 11:57,Krusty Deluxe,giant clam
edqvgr66Fu,09/04/2019 11:59,Krabby Pattie,salmon
lETTKPeRoy,09/04/2019 12:00,Krabby Pattie,seahorse
z5bQWQOEbQ,09/04/2019 12:01,Krabby Pattie,leatherback turtle
P5r1RZ9vsF,09/04/2019 12:03,Krabby Pattie,seahorse
VmPGcqi1IC,09/04/2019 12:04,Krusty Deluxe,leatherback turtle
BNGK2RdKK0,09/04/2019 12:05,Krabby Pattie,salmon
cxMEUKMm6X,09/04/2019 12:07,Krabby Pattie,leatherback turtle
j9EFzJBx2d,09/04/2019 12:09,Krabby Pattie,seahorse
z19UzfQB7b,09/04/2019 12:11,Krusty Combo,salmon
MVj1HhBckk,09/04/2019 12:12,Krusty Deluxe,giant clam
jVNssn9VND,09/04/2019 12:15,Krusty Deluxe,giant clam
hEJU0UrfPJ,09/04/2019 12:17,Krabby Pattie,salmon
elBTTOy1PI,09/04/2019 12:19,Krabby Pattie,salmon
55wmrP8cuu,09/04/2019 12:21,Krusty Combo,sea lion
tNuIJI5QIh,09/04/2019 12:22,Krabby Pattie,seahorse
QbNVS99Xby,09/04/2019 12:24,Krusty Deluxe,seahorse
kQ2XT9iD9b,09/04/2019 12:25,Krabby Pattie,seahorse
btfZ24eDMz,09/04/2019 12:27,Krabby Pattie,seahorse
lqQo1zGlZt,09/04/2019 12:28,Krabby Pattie,giant clam
UovhNQZtJH,09/04/2019 12:29,Krabby Pattie,seahorse
tt58LQlVZa,09/04/2019 12:31,Krusty Deluxe,seahorse
BvVftr1IQH,09/04/2019 12:32,Krabby Pattie,sea lion
7RKig20yUd,09/04/2019 12:34,Krusty Deluxe,seahorse
M2F4O2krpL,09/04/2019 12:35,Krabby Pattie,gray whale
u9WT7GsydI,09/04/2019 12:36,Krabby Pattie,giant clam
clZWKxOPtl,09/04/2019 12:37,Krabby Pattie,salmon
7HI8H6Aqcf,09/04/2019 12:40,Krabby Pattie,salmon
8Fn87V2Qxr,09/04/2019 12:42,Krabby Pattie,seahorse
WrifyVuaCi,09/04/2019 12:44,Krabby Pattie,gray whale
BVGbLlE2LP,09/04/2019 12:45,Krabby Pattie,seahorse
JhqJneHibh,09/04/2019 12:47,Krusty Combo,seahorse
AEQu5yNKq6,09/04/2019 12:49,Krabby Pattie,seahorse
WJtTtBgcW8,09/04/2019 12:50,Krabby Pattie,gray whale
xViVEgzddE,09/04/2019 12:52,Krusty Combo,giant clam
u2JtE9Ax3l,09/04/2019 12:55,Krusty Deluxe,giant clam
zPhJYGXXEl,09/04/2019 12:56,Krusty Combo,salmon
OGMIFvrNhN,09/04/2019 12:57,Krabby Pattie,leatherback turtle
X5R2wJJbR1,09/04/2019 12:59,Krabby Pattie,seahorse
AP5hNBp1jw,09/04/2019 13:02,Krabby Pattie,giant clam
848G1vC2u8,09/04/2019 13:03,Krusty Deluxe,seahorse
rBQpv1ibcE,09/04/2019 13:05,Krusty Combo,giant clam
NMl3rBTHwN,09/04/2019 13:07,Krabby Pattie,leatherback turtle
fdN8EecBpx,09/04/2019 13:09,Krusty Deluxe,giant clam
UHo4O2UggO,09/04/2019 13:11,Krabby Pattie,salmon
ihYP4zRzVS,09/04/2019 13:13,Krabby Pattie,seahorse
23vFnmX6HE,09/04/2019 13:15,Krabby Pattie,leatherback turtle
hQAc7KWigs,09/04/2019 13:18,Krusty Combo,giant clam
75RIq6OCdj,09/04/2019 13:20,Krabby Pattie,seahorse
04PvACeEoi,09/04/2019 13:22,Krabby Pattie,salmon
201ryhhwjI,09/04/2019 13:24,Krabby Pattie,coral
UAnjeD8WxU,09/04/2019 13:26,Krabby Pattie,salmon
nPD3SwBfpZ,09/04/2019 13:27,Krusty Deluxe,sea lion
VL183EqUXN,09/04/2019 13:29,Krabby Pattie,seahorse
z6H1B8P4Vu,09/04/2019 13:31,Krabby Pattie,salmon
aCcKwOh3Wi,09/04/2019 13:32,Krabby Pattie,salmon
GhMwCu48kr,09/04/2019 13:35,Krabby Pattie,gray whale
26gaOD2VOC,09/04/2019 13:37,Krabby Pattie,leatherback turtle
PsiS25DEkO,09/04/2019 13:38,Krusty Deluxe,giant clam
GuAowLXkBA,09/04/2019 13:40,Krusty Combo,sea lion
HNHVOxbEZJ,09/04/2019 13:41,Krabby Pattie,seahorse
OjGEJ3rBwv,09/04/2019 13:43,Krabby Pattie,salmon
tUQM62ut4j,09/04/2019 13:44,Krabby Pattie,giant clam
uIdv3v3EIW,09/04/2019 13:46,Krabby Pattie,leatherback turtle
mtzGX7C7yZ,09/04/2019 13:49,Krabby Pattie,leatherback turtle
YC01jNBNOt,09/04/2019 13:50,Krabby Pattie,salmon
BTOSDAotZE,09/04/2019 13:52,Krabby Pattie,giant clam
izJ3wctBWi,09/04/2019 13:55,Krusty Deluxe,leatherback turtle
sO4UbSpBzL,09/04/2019 13:56,Krabby Pattie,sea lion
xpW2gHfBF1,09/04/2019 13:57,Krabby Pattie,sea lion
fryEDYsMfW,09/04/2019 14:00,Krabby Pattie,gray whale
iTZxhhwn0a,09/04/2019 14:02,Krusty Deluxe,salmon
OA8VosQCrX,09/04/2019 14:04,Krabby Pattie,salmon
RETNoD9JtU,09/04/2019 14:05,Krusty Combo,sea lion
a5ZVlrJtgd,09/04/2019 14:06,Krusty Deluxe,seahorse
m77MFzG9b1,09/04/2019 14:08,Krusty Deluxe,seahorse
nEISG98PuC,09/04/2019 14:09,Krabby Pattie,giant clam
SBdrTZQy3r,09/04/2019 14:11,Krabby Pattie,seahorse
OS3UW6EaRj,09/04/2019 14:13,Krabby Pattie,leatherback turtle
FiQjcPJSs2,09/04/2019 14:15,Krabby Pattie,salmon
7JmPleCI5a,09/04/2019 14:16,Krabby Pattie,seahorse
sTppbZLsiM,09/04/2019 14:18,Krusty Deluxe,sea lion
VCWQ8MoNOc,09/04/2019 14:20,Krabby Pattie,salmon
eoDKv0WaWP,09/04/2019 14:22,Krabby Pattie,gray whale
h5kE3PWap7,09/04/2019 14:25,Krabby Pattie,seahorse
EH5MRItGXn,09/04/2019 14:27,Krusty Combo,seahorse
fetNSHs9gJ,09/04/2019 14:28,Krusty Combo,seahorse
ceKGugpQbp,09/04/2019 14:30,Krusty Combo,seahorse
xkck4LgUnM,09/04/2019 14:31,Krabby Pattie,seahorse
dra6usIiTA,09/04/2019 14:32,Krabby Pattie,seahorse
GZoeyJsK5m,09/04/2019 14:34,Krusty Combo,sea lion
lkfwiN6PMf,09/04/2019 14:36,Krusty Combo,salmon
nDFZekM43E,09/04/2019 14:38,Krusty Deluxe,leatherback turtle
2jIJSOq9np,09/04/2019 14:39,Krabby Pattie,seahorse
StFGixGWel,09/04/2019 14:41,Krabby Pattie,leatherback turtle
6mJLK0MyjV,09/04/2019 14:42,Krabby Pattie,giant clam
BsN1DxO4ae,09/04/2019 14:45,Krusty Deluxe,sea lion
XclMpL5bS1,09/04/2019 14:47,Krabby Pattie,giant clam
Ruw5rnTLyQ,09/04/2019 14:49,Krusty Deluxe,sea lion
7AsQmlFCFG,09/04/2019 14:50,Krusty Deluxe,leatherback turtle
5vOOkwm7kY,09/04/2019 14:52,Krabby Pattie,seahorse
AqPCwIMtl7,09/04/2019 14:54,Krusty Deluxe,giant clam
87ORiq5X7E,09/04/2019 14:55,Krabby Pattie,giant clam
dIhfM7xCI5,09/04/2019 14:57,Krabby Pattie,salmon
TmWBzAv9gB,09/04/2019 14:59,Krabby Pattie,salmon
6U4HURxis6,09/04/2019 15:00,Krabby Pattie,seahorse
e7PiHCfqk5,09/04/2019 15:02,Krabby Pattie,seahorse
sLa1pOGyGu,09/04/2019 15:03,Krabby Pattie,leatherback turtle
SZAVsje1h6,09/04/2019 15:06,Krusty Deluxe,salmon
f7cxvcfkhd,09/04/2019 15:07,Krusty Combo,leatherback turtle
k1yeg5szxT,09/04/2019 15:08,Krusty Deluxe,leatherback turtle
b2hWnO2K21,09/04/2019 15:09,Krusty Combo,sea lion
fnKuFgoT3O,09/04/2019 15:11,Krabby Pattie,leatherback turtle
zmuxcLpN71,09/04/2019 15:13,Krusty Deluxe,giant clam
GR0RO0t0jP,09/04/2019 15:14,Krusty Deluxe,seahorse
JZqoE9i3Rj,09/04/2019 15:18,Krusty Deluxe,salmon
trcjNr6l0w,09/04/2019 15:19,Krusty Combo,giant clam
9tEP6VpGmI,09/04/2019 15:22,Krabby Pattie,salmon
dw8SyTJySV,09/04/2019 15:23,Krusty Combo,seahorse
45csG83WhZ,09/04/2019 15:24,Krabby Pattie,salmon
yhuv2RBDJj,09/04/2019 15:26,Krabby Pattie,seahorse
3OZjve7RrY,09/04/2019 15:28,Krabby Pattie,seahorse
QjLroLfCBr,09/04/2019 15:29,Krusty Combo,gray whale
bn4s3qgOfc,09/04/2019 15:30,Krabby Pattie,salmon
ufebclpuJ5,09/04/2019 15:31,Krusty Deluxe,coral
agCzeoTyMl,09/04/2019 15:33,Krabby Pattie,salmon
ffNkczAHwe,09/04/2019 15:35,Krusty Deluxe,giant clam
2hT1AK1fW8,09/04/2019 15:36,Krusty Combo,seahorse
aYCHd4fUM3,09/04/2019 15:39,Krusty Combo,sea lion
fPDUI6OTXM,09/04/2019 15:41,Krusty Deluxe,seahorse
HfrUd0jd9u,09/04/2019 15:43,Krabby Pattie,gray whale
5zBwt0Plmm,09/04/2019 15:45,Krusty Deluxe,sea lion
Mqpdmkj0DJ,09/04/2019 15:46,Krusty Combo,seahorse
gf7rAKdCWt,09/04/2019 15:47,Krabby Pattie,gray whale
9PPgTAqRmq,09/04/2019 15:50,Krabby Pattie,seahorse
8oJosinE0Z,09/04/2019 15:51,Krabby Pattie,sea lion
KHhJe8FqJD,09/04/2019 15:54,Krabby Pattie,gray whale
TTMPhF3arD,09/04/2019 15:56,Krabby Pattie,salmon
W2fvsGiPzR,09/04/2019 15:59,Krabby Pattie,salmon
qs8xZKGxgC,09/04/2019 16:00,Krabby Pattie,seahorse
Q3TMEWGHZA,09/04/2019 16:02,Krusty Deluxe,seahorse
VufwVaTf7Y,09/04/2019 16:03,Krabby Pattie,sea lion
SIX5B4V6KM,09/04/2019 16:04,Krusty Deluxe,gray whale
JEav8RSeRB,09/04/2019 16:05,Krabby Pattie,sea lion
fhSdjyJ4oI,09/04/2019 16:07,Krabby Pattie,salmon
p0mx290KfW,09/04/2019 16:08,Krusty Combo,seahorse
jsUuVhtInZ,09/04/2019 16:10,Krusty Combo,salmon
HmELHY2gpt,09/04/2019 16:11,Krabby Pattie,giant clam
Z1qFyPZaLn,09/04/2019 16:13,Krabby Pattie,salmon
XHrEBvhsoY,09/04/2019 16:16,Krabby Pattie,seahorse
7Wul4fKiA4,09/04/2019 16:17,Krusty Combo,giant clam
AeBfO8wZTP,09/04/2019 16:18,Krabby Pattie,giant clam
YciCkGHNoH,09/04/2019 16:20,Krabby Pattie,gray whale
TnhHGFemiM,09/04/2019 16:21,Krusty Combo,seahorse
x8ooxVFbjS,09/04/2019 16:23,Krabby Pattie,giant clam
tyRE0RQVUd,09/04/2019 16:26,Krusty Deluxe,salmon
oxB65RHB9l,09/04/2019 16:28,Krabby Pattie,seahorse
NXqG3vtWSs,09/04/2019 16:30,Krusty Combo,leatherback turtle
CowOWigIxe,09/04/2019 16:32,Krusty Combo,coral
OmXrLNsfYr,09/04/2019 16:34,Krabby Pattie,sea lion
KFvforeJhi,09/04/2019 16:36,Krabby Pattie,seahorse
G2StRVgG3d,09/04/2019 16:37,Krusty Combo,seahorse
Gsu5cYW6YH,09/04/2019 16:39,Krusty Deluxe,seahorse
5yZG3fu6F7,09/04/2019 16:42,Krusty Deluxe,sea lion
j1S6LIXrH6,09/04/2019 16:43,Krabby Pattie,seahorse
q6U5kuCmIm,09/04/2019 16:45,Krabby Pattie,seahorse
AqwzgURiis,09/04/2019 16:47,Krabby Pattie,coral
Ywtmx1bFYt,09/04/2019 16:49,Krusty Deluxe,leatherback turtle
oBgRcRMgZt,09/04/2019 16:51,Krabby Pattie,leatherback turtle
Q9XhxWLhdk,09/04/2019 16:53,Krabby Pattie,giant clam
7kuLAjEQku,09/04/2019 16:55,Krabby Pattie,leatherback turtle
uOoLFg9ntx,09/04/2019 16:56,Krabby Pattie,seahorse
3QgMrwWKrO,09/04/2019 16:59,Krusty Combo,leatherback turtle
fM0e4RVLoH,09/04/2019 17:02,Krabby Pattie,giant clam
bnCDocvqy9,09/04/2019 17:04,Krabby Pattie,seahorse
enzPEHtBwq,09/04/2019 17:06,Krusty Combo,salmon
zj0aZsOfOF,09/04/2019 17:08,Krabby Pattie,salmon
c1Q1qkjjnT,09/04/2019 17:10,Krabby Pattie,gray whale
akInYHrJ7n,09/04/2019 17:12,Krabby Pattie,leatherback turtle
SZNk2NvARC,09/04/2019 17:13,Krabby Pattie,seahorse
Hjs3dqZV6M,09/04/2019 17:15,Krabby Pattie,sea lion
shgF44ZwF1,09/04/2019 17:16,Krabby Pattie,salmon
QxgNR51CBf,09/04/2019 17:17,Krusty Deluxe,seahorse
Bn7cHwiJgP,09/04/2019 17:19,Krusty Deluxe,seahorse
2yV3lG5ZyV,09/04/2019 17:22,Krabby Pattie,salmon
Jf5VRUgJqn,09/04/2019 17:25,Krabby Pattie,seahorse
4Oysf62hHb,09/04/2019 17:26,Krabby Pattie,gray whale
pdgRpwc1Mg,09/04/2019 17:29,Krabby Pattie,salmon
YzAVgSdX7i,09/04/2019 17:31,Krusty Combo,salmon
cKcFKOsYgz,09/04/2019 17:32,Krabby Pattie,leatherback turtle
KICOY8Vv9a,09/04/2019 17:33,Krusty Deluxe,leatherback turtle
YBEPgwCExg,09/04/2019 17:34,Krabby Pattie,sea lion
UsBdyOsM2P,09/04/2019 17:36,Krabby Pattie,seahorse
SUU1o6IMYu,09/04/2019 17:39,Krusty Deluxe,gray whale
xyyVXNT0xU,09/04/2019 17:40,Krusty Deluxe,gray whale
2Mp02v5YdA,09/04/2019 17:42,Krabby Pattie,leatherback turtle
5o2Ewp18Pf,09/04/2019 17:44,Krabby Pattie,salmon
TgR54YzldQ,09/04/2019 17:46,Krabby Pattie,gray whale
QDDyz3dYYp,09/04/2019 17:47,Krabby Pattie,seahorse
FJjwXF6e1A,09/04/2019 17:49,Krabby Pattie,giant clam
